trade_id,status,direction,entry_time,exit_time,entry_price,exit_price,stop_loss,take_profit,size,pnl_raw,pnl_rel,mae,mfe,slippage,commission,rejection_reason,strategy_id,model_version
d6l79yjy,executed,short,1711143000000,1711169100000,44268.58,44381.37,44368.58238039124,44068.58238039124,0.34,-112.79,-1.13,35.53,39.54,0.76,0.68,,alpha_v2,v2.1.0
lc8cg0yr,executed,short,1711300500000,1711326600000,44574.46,44617.55,44674.4555586463,44374.4555586463,1.40,-43.09,-0.43,40.32,53.68,1.61,2.80,,alpha_v2,v2.1.0
fyhlc858,executed,long,1708953300000,1708983000000,45672.22,45531.76,45572.221080138566,45872.221080138566,1.45,-140.46,-1.40,38.65,103.98,1.73,2.90,,alpha_v2,v2.1.0
07nfy7ke,executed,short,1708578000000,1708591500000,46071.59,45809.78,46171.59180299414,45871.59180299414,1.19,261.81,2.62,74.87,80.51,1.67,2.38,,alpha_v2,v2.1.0
pqzcmqy2,executed,short,1706434200000,1706462100000,44533.08,44650.02,44633.0829243643,44333.0829243643,1.20,-116.94,-1.17,75.30,87.24,2.90,2.40,,alpha_v2,v2.1.0
c5hkj1r8,executed,long,1706561100000,1706571900000,45413.96,45401.65,45313.95627695031,45613.95627695031,0.64,-12.31,-0.12,56.00,122.36,1.53,1.28,,alpha_v2,v2.1.0
95xsr6qi,executed,long,1706966100000,1706978700000,45757.03,45828.55,45657.02735174544,45957.02735174544,1.51,71.52,0.72,79.00,117.61,0.67,3.02,,alpha_v2,v2.1.0
2q24xonb,executed,long,1711298700000,1711323900000,44570.42,44529.04,44470.41620873051,44770.41620873051,0.13,-41.38,-0.41,18.43,127.81,0.82,0.26,,alpha_v2,v2.1.0
j6qbmllj,executed,short,1710378900000,1710406800000,45602.63,45483.07,45702.630593898604,45402.630593898604,2.37,119.56,1.20,44.50,100.73,1.28,4.74,,alpha_v2,v2.1.0
7wlrz1b8,rejected,short,1711304100000,,44510.93,44638.07,44610.92776636941,44310.92776636941,1.06,-127.14,,,,,,atr_limit,alpha_v2,v2.1.0
xcvuu5sg,executed,long,1708518600000,1708533900000,46012.58,46243.05,45912.5829361174,46212.5829361174,2.15,230.47,2.30,45.95,89.87,1.03,4.30,,alpha_v2,v2.1.0
757c8m5q,executed,long,1709244000000,1709257500000,45517.49,45632.70,45417.48673699672,45717.48673699672,0.29,115.21,1.15,14.60,131.23,1.72,0.58,,alpha_v2,v2.1.0
87t4l11i,rejected,long,1709872200000,,46250.74,46236.18,46150.7416031919,46450.7416031919,0.21,-14.57,,,,,,time_of_day,alpha_v2,v2.1.0
qh6vqo3o,rejected,short,1707317100000,,45610.72,45702.64,45710.72169595132,45410.72169595132,1.73,-91.92,,,,,,time_of_day,alpha_v2,v2.1.0
z5nascbl,executed,short,1706221800000,1706223600000,44331.13,44349.47,44431.12846570769,44131.12846570769,0.86,-18.34,-0.18,73.17,146.90,0.78,1.72,,alpha_v2,v2.1.0
n4fhtpni,executed,long,1710176400000,1710191700000,45118.48,45063.20,45018.476309324804,45318.476309324804,1.64,-55.27,-0.55,70.56,25.31,2.09,3.28,,alpha_v2,v2.1.0
qw0w6lqs,executed,short,1705020300000,1705050900000,44955.31,45092.91,45055.30653628566,44755.30653628566,1.65,-137.60,-1.38,28.84,136.60,1.52,3.30,,alpha_v2,v2.1.0
2qeg86kw,executed,long,1712574900000,1712608200000,47144.18,47038.78,47044.180860326574,47344.180860326574,0.69,-105.40,-1.05,34.46,145.92,1.31,1.38,,alpha_v2,v2.1.0
p9n52pqm,executed,short,1707471000000,1707477300000,45567.74,45668.77,45667.74171697083,45367.74171697083,0.42,-101.03,-1.01,60.67,29.09,2.75,0.84,,alpha_v2,v2.1.0
1iyocqzk,executed,short,1712110500000,1712143800000,45631.46,45395.31,45731.46040005645,45431.46040005645,2.30,236.15,2.36,10.76,99.19,2.40,4.60,,alpha_v2,v2.1.0
mbci2j10,executed,long,1712593800000,1712597400000,47046.62,47101.58,46946.62126672014,47246.62126672014,1.07,54.96,0.55,24.55,80.87,0.63,2.14,,alpha_v2,v2.1.0
i7t6dhnz,rejected,long,1704136500000,,44999.62,45288.31,44899.62150327129,45199.62150327129,2.18,288.69,,,,,,atr_limit,alpha_v2,v2.1.0
elg6vdro,executed,short,1711248300000,1711255500000,44736.77,44837.65,44836.76584674357,44536.76584674357,0.92,-100.89,-1.01,44.54,93.72,0.53,1.84,,alpha_v2,v2.1.0
a4ryk4ue,executed,long,1709759700000,1709792100000,46400.31,46698.56,46300.310125821474,46600.310125821474,0.26,298.25,2.98,72.15,125.12,2.00,0.52,,alpha_v2,v2.1.0
dg8raj72,executed,long,1706652900000,1706658300000,45368.92,45525.31,45268.91753866643,45568.91753866643,2.01,156.39,1.56,10.68,100.98,2.28,4.02,,alpha_v2,v2.1.0
hpvqxaqj,executed,short,1708967700000,1708985700000,45702.34,45769.08,45802.336986695635,45502.336986695635,0.72,-66.74,-0.67,78.20,50.73,1.79,1.44,,alpha_v2,v2.1.0
c9432rdf,rejected,long,1706120100000,,44242.78,44221.02,44142.77717669801,44442.77717669801,0.64,-21.76,,,,,,time_of_day,alpha_v2,v2.1.0
w9kvcer9,rejected,short,1704853800000,,45067.96,45207.12,45167.96179040522,44867.96179040522,2.23,-139.16,,,,,,time_of_day,alpha_v2,v2.1.0
y062hjda,executed,long,1709506800000,1709535600000,45860.87,45826.49,45760.87298989603,46060.87298989603,1.29,-34.38,-0.34,26.14,142.37,2.76,2.58,,alpha_v2,v2.1.0
qyns68rv,executed,short,1712920500000,1712936700000,46963.28,46833.26,47063.282255250095,46763.282255250095,1.10,130.02,1.30,45.65,95.36,1.29,2.20,,alpha_v2,v2.1.0
isatcckc,rejected,long,1709108100000,,45883.60,46065.55,45783.603533413014,46083.603533413014,1.32,181.95,,,,,,time_of_day,alpha_v2,v2.1.0
rjripd6p,executed,long,1709277300000,1709291700000,45760.28,45706.02,45660.283135751844,45960.283135751844,2.49,-54.26,-0.54,50.13,73.20,2.80,4.98,,alpha_v2,v2.1.0
bh593lw1,rejected,short,1707930900000,,45933.58,45982.83,46033.57698508567,45733.57698508567,1.42,-49.25,,,,,,time_of_day,alpha_v2,v2.1.0
5gglqjx0,executed,short,1711617300000,1711640700000,44923.28,44759.43,45023.279369177726,44723.279369177726,0.33,163.85,1.64,56.33,143.13,2.03,0.66,,alpha_v2,v2.1.0
od9xxw1d,rejected,long,1709881200000,,46203.16,46466.03,46103.1629231186,46403.1629231186,2.05,262.87,,,,,,htf_alignment,alpha_v2,v2.1.0
2a3j4zy8,rejected,long,1707737400000,,44849.94,44812.38,44749.9388712867,45049.9388712867,0.87,-37.56,,,,,,htf_alignment,alpha_v2,v2.1.0
pc9zlv2b,executed,short,1706186700000,1706215500000,44240.72,44300.72,44340.715611488704,44040.715611488704,2.06,-60.00,-0.60,45.71,91.65,2.93,4.12,,alpha_v2,v2.1.0
9xww5gai,rejected,short,1711815300000,,45014.34,44846.81,45114.34246063332,44814.34246063332,1.82,167.53,,,,,,spread_filter,alpha_v2,v2.1.0
ls4lfplp,executed,long,1707455700000,1707464700000,45700.53,45769.14,45600.52858016759,45900.52858016759,1.14,68.62,0.69,12.56,47.11,2.98,2.28,,alpha_v2,v2.1.0
cgdseqj3,executed,long,1704376800000,1704405600000,44863.92,44786.45,44763.923755968826,45063.923755968826,1.96,-77.47,-0.77,61.81,111.90,1.02,3.92,,alpha_v2,v2.1.0
i8ji30lo,executed,short,1707421500000,1707425100000,45826.99,45725.92,45926.98860695514,45626.98860695514,1.13,101.07,1.01,64.11,63.03,1.25,2.26,,alpha_v2,v2.1.0
tunt40yc,executed,long,1711708200000,1711710900000,44933.76,45229.07,44833.762189657995,45133.762189657995,0.61,295.31,2.95,29.92,24.62,1.10,1.22,,alpha_v2,v2.1.0
7pwz5hdt,executed,short,1708702200000,1708731000000,45620.80,45703.55,45720.80213713757,45420.80213713757,0.18,-82.75,-0.83,28.31,98.21,2.09,0.36,,alpha_v2,v2.1.0
7p83d1jq,rejected,long,1704518100000,,45225.71,45451.04,45125.70583774686,45425.70583774686,1.53,225.33,,,,,,spread_filter,alpha_v2,v2.1.0
dn03rnud,rejected,long,1707024600000,,45747.50,45639.98,45647.495678194864,45947.495678194864,0.39,-107.51,,,,,,time_of_day,alpha_v2,v2.1.0
fsrqfar8,executed,short,1709841600000,1709855100000,46291.49,46320.93,46391.49116448797,46091.49116448797,0.98,-29.44,-0.29,53.94,78.30,1.98,1.96,,alpha_v2,v2.1.0
2xzas2tu,rejected,short,1707282000000,,45565.30,45403.87,45665.29773461851,45365.29773461851,1.89,161.43,,,,,,htf_alignment,alpha_v2,v2.1.0
ha8lal68,executed,long,1707919200000,1707938100000,46070.81,45988.21,45970.805691043075,46270.805691043075,0.27,-82.60,-0.83,44.78,133.71,0.77,0.54,,alpha_v2,v2.1.0
e8eonupd,executed,short,1709475300000,1709496000000,45715.00,45579.81,45815.00280437855,45515.00280437855,2.43,135.19,1.35,40.59,116.51,1.68,4.86,,alpha_v2,v2.1.0
fhyx4dzn,executed,short,1711882800000,1711911600000,45445.31,45256.49,45545.30685059743,45245.30685059743,1.70,188.82,1.89,12.13,33.85,1.33,3.40,,alpha_v2,v2.1.0
d2dmn0fi,executed,long,1706261400000,1706289300000,44368.65,44570.93,44268.64906589532,44568.64906589532,0.79,202.28,2.02,77.23,149.30,0.57,1.58,,alpha_v2,v2.1.0
5370lrg6,rejected,long,1710848700000,,44387.12,44261.84,44287.1173932647,44587.1173932647,1.84,-125.28,,,,,,htf_alignment,alpha_v2,v2.1.0
ouwcqfxx,executed,long,1708515900000,1708543800000,46061.60,45943.30,45961.598790525,46261.598790525,0.19,-118.30,-1.18,56.98,114.33,1.73,0.38,,alpha_v2,v2.1.0
6pz7vu19,executed,long,1708965000000,1708987500000,45643.72,45512.18,45543.719107230536,45843.719107230536,1.57,-131.54,-1.32,35.03,88.47,2.15,3.14,,alpha_v2,v2.1.0
dzigadyu,executed,short,1711871100000,1711873800000,45330.64,45342.73,45430.635573092695,45130.635573092695,1.39,-12.10,-0.12,30.26,28.76,1.20,2.78,,alpha_v2,v2.1.0
hv6238jh,rejected,short,1709837100000,,46266.17,46277.76,46366.17089170044,46066.17089170044,1.58,-11.59,,,,,,htf_alignment,alpha_v2,v2.1.0
h4zv0pz9,executed,long,1710207900000,1710232200000,45120.62,45242.27,45020.621454320295,45320.621454320295,0.94,121.65,1.22,57.15,112.99,2.58,1.88,,alpha_v2,v2.1.0
91xeamni,executed,long,1712394900000,1712412900000,47029.44,46931.45,46929.43642138407,47229.43642138407,1.46,-97.99,-0.98,73.64,99.89,1.27,2.92,,alpha_v2,v2.1.0
2x1dtim2,executed,short,1706904900000,1706905800000,45522.74,45606.68,45622.73504992182,45322.73504992182,1.83,-83.94,-0.84,46.03,105.21,2.04,3.66,,alpha_v2,v2.1.0
ii3kboya,executed,long,1705572900000,1705601700000,44711.98,44832.38,44611.980313917724,44911.980313917724,0.60,120.40,1.20,49.45,37.16,0.80,1.20,,alpha_v2,v2.1.0
sn1hiiys,rejected,short,1708026300000,,45579.42,45589.82,45679.42175947208,45379.42175947208,1.21,-10.40,,,,,,spread_filter,alpha_v2,v2.1.0
aqy78wvf,executed,long,1709619300000,1709626500000,46152.38,46010.04,46052.38232824611,46352.38232824611,0.78,-142.34,-1.42,75.70,113.71,0.60,1.56,,alpha_v2,v2.1.0
fhwe78vz,executed,long,1704737700000,1704759300000,45200.09,45345.74,45100.093430428366,45400.093430428366,0.15,145.65,1.46,17.36,102.64,2.68,0.30,,alpha_v2,v2.1.0
v2u7ddzi,executed,short,1705968000000,1705987800000,44186.49,43928.33,44286.49323595118,43986.49323595118,0.16,258.16,2.58,58.59,25.50,2.45,0.32,,alpha_v2,v2.1.0
vsh43t9s,executed,long,1711367100000,1711385100000,44270.68,44158.56,44170.68000612296,44470.68000612296,2.39,-112.12,-1.12,18.52,69.97,0.72,4.78,,alpha_v2,v2.1.0
r2va9llh,rejected,long,1708461000000,,46093.80,46075.41,45993.802949450546,46293.802949450546,1.94,-18.39,,,,,,atr_limit,alpha_v2,v2.1.0
ns9v24en,rejected,long,1710921600000,,44279.58,44247.94,44179.580912428515,44479.580912428515,1.61,-31.64,,,,,,htf_alignment,alpha_v2,v2.1.0
ixtvqnv8,rejected,long,1705289400000,,44832.97,45068.56,44732.96509428283,45032.96509428283,1.00,235.59,,,,,,htf_alignment,alpha_v2,v2.1.0
omb10yxs,executed,short,1712278800000,1712281500000,46283.80,46148.27,46383.79891025952,46083.79891025952,0.21,135.53,1.36,31.01,144.25,0.96,0.42,,alpha_v2,v2.1.0
uq83rzg6,executed,long,1705104000000,1705122000000,44548.87,44662.48,44448.872187132816,44748.872187132816,1.07,113.60,1.14,50.18,106.39,2.37,2.14,,alpha_v2,v2.1.0
n9twu4kk,executed,short,1706298300000,1706310000000,44213.80,44255.37,44313.804939289825,44013.804939289825,2.33,-41.56,-0.42,46.18,68.41,2.91,4.66,,alpha_v2,v2.1.0
e7vz39r9,executed,long,1709112600000,1709120700000,45825.39,46114.75,45725.39452797589,46025.39452797589,0.10,289.35,2.89,19.92,25.65,2.66,0.20,,alpha_v2,v2.1.0
xsylddz2,rejected,short,1705856400000,,44301.26,44063.75,44401.25503926981,44101.25503926981,1.94,237.51,,,,,,spread_filter,alpha_v2,v2.1.0
fa1fnwzs,executed,short,1708830900000,1708844400000,45303.55,45371.61,45403.54504558227,45103.54504558227,2.25,-68.07,-0.68,75.66,50.95,1.38,4.50,,alpha_v2,v2.1.0
c8wlpfm8,executed,long,1704729600000,1704731400000,45260.83,45195.20,45160.8319822192,45460.8319822192,2.25,-65.63,-0.66,72.74,84.48,2.60,4.50,,alpha_v2,v2.1.0
exdq3ory,rejected,short,1710306900000,,45625.94,45711.37,45725.937428000514,45425.937428000514,2.50,-85.43,,,,,,atr_limit,alpha_v2,v2.1.0
tzscfxx2,executed,short,1708379100000,1708401600000,45828.84,45950.06,45928.83551647059,45628.83551647059,2.43,-121.22,-1.21,38.27,76.65,1.41,4.86,,alpha_v2,v2.1.0
ewl4g9ne,rejected,short,1706386500000,,44568.43,44715.62,44668.43275958749,44368.43275958749,1.32,-147.19,,,,,,spread_filter,alpha_v2,v2.1.0
y5jfi372,rejected,long,1707090300000,,45771.05,45894.10,45671.05355599593,45971.05355599593,1.79,123.05,,,,,,time_of_day,alpha_v2,v2.1.0
hqvzh780,rejected,short,1709123400000,,45728.69,45480.53,45828.68675382984,45528.68675382984,0.40,248.15,,,,,,time_of_day,alpha_v2,v2.1.0
n9vd5v21,executed,long,1705773600000,1705791600000,44320.16,44588.30,44220.156848152474,44520.156848152474,1.67,268.14,2.68,78.34,39.52,0.54,3.34,,alpha_v2,v2.1.0
xvpp4550,executed,long,1712795400000,1712818800000,47040.11,47182.89,46940.10615534983,47240.10615534983,1.28,142.79,1.43,52.55,51.87,1.50,2.56,,alpha_v2,v2.1.0
n9aelh9j,executed,long,1711661400000,1711692000000,44773.04,44828.98,44673.03757445358,44973.03757445358,0.73,55.94,0.56,20.38,21.17,1.97,1.46,,alpha_v2,v2.1.0
nht02zw5,rejected,long,1709842500000,,46267.98,46464.24,46167.97999332679,46467.97999332679,0.47,196.26,,,,,,time_of_day,alpha_v2,v2.1.0
bsy9ssfu,executed,short,1704789900000,1704825000000,45359.61,45502.14,45459.6071977945,45159.6071977945,1.88,-142.53,-1.43,54.65,62.82,0.81,3.76,,alpha_v2,v2.1.0
yhuw0tvl,executed,short,1710875700000,1710877500000,44278.68,44387.70,44378.676376666845,44078.676376666845,2.08,-109.03,-1.09,47.48,34.69,2.11,4.16,,alpha_v2,v2.1.0
9xkubgja,executed,short,1705969800000,1706001300000,44218.28,43939.78,44318.27636606387,44018.27636606387,1.37,278.49,2.78,30.86,57.25,2.64,2.74,,alpha_v2,v2.1.0
ge3xe8ts,executed,long,1707244200000,1707255000000,45646.14,45820.70,45546.1395332419,45846.1395332419,2.40,174.56,1.75,12.67,133.89,2.46,4.80,,alpha_v2,v2.1.0
n76r86ed,rejected,long,1712457000000,,47147.14,47388.59,47047.13927804481,47347.13927804481,0.17,241.45,,,,,,atr_limit,alpha_v2,v2.1.0
4gul7poi,executed,long,1709783100000,1709816400000,46604.02,46886.34,46504.01752643592,46804.01752643592,1.87,282.32,2.82,36.83,36.23,0.81,3.74,,alpha_v2,v2.1.0
y5dtzg40,executed,short,1711833300000,1711860300000,45168.55,45200.41,45268.54579805955,44968.54579805955,0.59,-31.86,-0.32,75.43,73.77,2.71,1.18,,alpha_v2,v2.1.0
up7zz5kd,rejected,long,1708530300000,,46075.63,46328.29,45975.62613038513,46275.62613038513,1.96,252.66,,,,,,atr_limit,alpha_v2,v2.1.0
uddevuur,executed,long,1712575800000,1712595600000,47098.72,47078.97,46998.715574993024,47298.715574993024,1.74,-19.75,-0.20,49.97,119.26,1.44,3.48,,alpha_v2,v2.1.0
9ilf4or5,rejected,short,1705151700000,,44470.36,44275.05,44570.356696444906,44270.356696444906,1.98,195.30,,,,,,time_of_day,alpha_v2,v2.1.0
g2tfdxrz,rejected,short,1712298600000,,46323.18,46429.11,46423.184008770186,46123.184008770186,0.16,-105.92,,,,,,time_of_day,alpha_v2,v2.1.0
v4tx4vjb,executed,long,1708507800000,1708510500000,46027.78,45952.40,45927.77565953291,46227.77565953291,0.97,-75.38,-0.75,48.21,128.19,0.98,1.94,,alpha_v2,v2.1.0
q0tabhhm,executed,short,1705533300000,1705536000000,44953.00,44721.74,45052.99617750211,44752.99617750211,1.79,231.26,2.31,23.14,128.85,1.79,3.58,,alpha_v2,v2.1.0
wkz93lnl,executed,long,1710134100000,1710135900000,45148.02,45033.56,45048.01898070986,45348.01898070986,0.33,-114.46,-1.14,19.98,122.30,1.30,0.66,,alpha_v2,v2.1.0
5m3eerhr,executed,long,1704625200000,1704650400000,45345.49,45292.63,45245.49206662212,45545.49206662212,1.62,-52.87,-0.53,63.57,100.08,2.94,3.24,,alpha_v2,v2.1.0
lpxt50b1,rejected,long,1709686800000,,46350.35,46251.24,46250.35292254762,46550.35292254762,0.47,-99.12,,,,,,atr_limit,alpha_v2,v2.1.0
ubeoffme,executed,long,1706597100000,1706627700000,45111.00,45020.17,45011.00094737955,45311.00094737955,1.01,-90.83,-0.91,19.36,133.81,2.80,2.02,,alpha_v2,v2.1.0
usppm08v,executed,long,1704949200000,1704975300000,44871.71,45003.24,44771.71433161203,45071.71433161203,0.52,131.52,1.32,76.59,77.83,2.26,1.04,,alpha_v2,v2.1.0
z2evkvjl,rejected,long,1712315700000,,46461.67,46711.21,46361.67386236825,46661.67386236825,1.47,249.53,,,,,,htf_alignment,alpha_v2,v2.1.0
o7gh2r9r,rejected,short,1712829600000,,46900.00,47025.36,47000.0045595594,46700.0045595594,0.71,-125.35,,,,,,htf_alignment,alpha_v2,v2.1.0
0h0r1xcs,executed,short,1711465200000,1711472400000,44518.55,44596.15,44618.55071284484,44318.55071284484,2.25,-77.60,-0.78,72.16,100.20,1.47,4.50,,alpha_v2,v2.1.0
wnpy85gi,rejected,short,1709997300000,,45879.64,45961.02,45979.64460008502,45679.64460008502,0.35,-81.38,,,,,,htf_alignment,alpha_v2,v2.1.0
v9ij20lz,executed,long,1706567400000,1706582700000,45393.39,45447.09,45293.39384310273,45593.39384310273,1.38,53.69,0.54,58.93,52.54,2.91,2.76,,alpha_v2,v2.1.0
fqh4wbtg,executed,long,1704344400000,1704370500000,44917.30,45136.22,44817.3027669559,45117.3027669559,1.14,218.92,2.19,28.77,55.27,1.15,2.28,,alpha_v2,v2.1.0
d8j3zpqs,rejected,long,1708523100000,,46050.26,46106.93,45950.257345574886,46250.257345574886,0.46,56.67,,,,,,atr_limit,alpha_v2,v2.1.0
pjwyxht8,executed,long,1707780600000,1707792300000,45131.24,45089.70,45031.23810137667,45331.23810137667,0.34,-41.54,-0.42,77.30,28.93,1.36,0.68,,alpha_v2,v2.1.0
y3anvrph,rejected,short,1711707300000,,44953.65,44824.95,45053.64646422506,44753.64646422506,0.19,128.70,,,,,,time_of_day,alpha_v2,v2.1.0
9659dkua,executed,short,1710768600000,1710787500000,44331.38,44234.99,44431.38349080927,44131.38349080927,1.14,96.40,0.96,55.42,64.29,0.77,2.28,,alpha_v2,v2.1.0
0688jm3a,executed,short,1705772700000,1705779900000,44366.74,44225.01,44466.737467472376,44166.737467472376,0.49,141.72,1.42,41.10,46.08,1.52,0.98,,alpha_v2,v2.1.0
9bh8q6qt,executed,long,1704334500000,1704346200000,44934.34,45204.13,44834.34171929568,45134.34171929568,1.26,269.79,2.70,45.25,101.47,2.52,2.52,,alpha_v2,v2.1.0
v8pbwg1c,rejected,short,1705701600000,,44468.28,44303.78,44568.276239844556,44268.276239844556,0.46,164.50,,,,,,atr_limit,alpha_v2,v2.1.0
0vlp0v6y,executed,short,1712415600000,1712423700000,46961.12,46897.58,47061.119828386014,46761.119828386014,0.67,63.54,0.64,67.79,59.66,1.61,1.34,,alpha_v2,v2.1.0
eu0yh51r,executed,long,1708803900000,1708823700000,45373.90,45296.89,45273.90177564702,45573.90177564702,1.10,-77.01,-0.77,16.99,133.95,2.23,2.20,,alpha_v2,v2.1.0
4jtr89gy,executed,long,1708876800000,1708901100000,45124.48,44991.20,45024.48013218408,45324.48013218408,1.24,-133.28,-1.33,14.47,69.25,0.85,2.48,,alpha_v2,v2.1.0
qq4ix1xf,rejected,short,1711238400000,,44727.81,44789.29,44827.810830000715,44527.810830000715,1.87,-61.48,,,,,,htf_alignment,alpha_v2,v2.1.0
2kxu1jhj,executed,short,1712528100000,1712529000000,46892.65,46703.84,46992.64944335898,46692.64944335898,2.10,188.81,1.89,52.14,50.05,0.58,4.20,,alpha_v2,v2.1.0
swlnfddg,executed,long,1709142300000,1709148600000,45707.12,45788.82,45607.1197314765,45907.1197314765,1.31,81.70,0.82,53.02,31.39,1.71,2.62,,alpha_v2,v2.1.0
8bhow2u4,executed,short,1704639600000,1704640500000,45675.47,45469.63,45775.4739775097,45475.4739775097,2.20,205.84,2.06,14.57,84.65,1.85,4.40,,alpha_v2,v2.1.0
1ndv0uv7,executed,short,1709778600000,1709786700000,46603.03,46707.60,46703.03476393611,46403.03476393611,1.35,-104.57,-1.05,64.83,84.75,1.60,2.70,,alpha_v2,v2.1.0
39i8a3g3,executed,long,1710625500000,1710640800000,44939.42,44846.53,44839.41820974967,45139.41820974967,0.90,-92.88,-0.93,24.61,116.52,2.23,1.80,,alpha_v2,v2.1.0
idlxjh40,executed,long,1707711300000,1707745500000,44816.40,44949.91,44716.39679634693,45016.39679634693,1.66,133.52,1.34,73.85,136.00,2.77,3.32,,alpha_v2,v2.1.0
gx212doz,rejected,short,1712913300000,,46956.96,46843.98,47056.95693442143,46756.95693442143,1.81,112.97,,,,,,atr_limit,alpha_v2,v2.1.0
coa6muq9,rejected,long,1712653200000,,46877.24,46847.58,46777.24082954477,47077.24082954477,1.04,-29.66,,,,,,spread_filter,alpha_v2,v2.1.0
tlbqrixz,executed,long,1711372500000,1711374300000,44265.23,44376.71,44165.23279971508,44465.23279971508,0.83,111.47,1.11,67.09,24.98,2.19,1.66,,alpha_v2,v2.1.0
wjub553l,rejected,short,1705843800000,,44333.42,44124.18,44433.420733639796,44133.420733639796,1.72,209.24,,,,,,spread_filter,alpha_v2,v2.1.0
axx76x64,executed,short,1711519200000,1711539900000,44766.90,44643.14,44866.89533437747,44566.89533437747,2.14,123.76,1.24,36.66,66.79,0.81,4.28,,alpha_v2,v2.1.0
3183j3im,executed,short,1707442200000,1707462900000,45787.26,45659.17,45887.25772274761,45587.25772274761,0.58,128.08,1.28,57.11,35.01,1.43,1.16,,alpha_v2,v2.1.0
7bz703h2,executed,short,1710517500000,1710523800000,45531.63,45638.02,45631.630289867164,45331.630289867164,1.68,-106.39,-1.06,34.65,53.25,2.88,3.36,,alpha_v2,v2.1.0
mpmizi9g,executed,short,1708811100000,1708813800000,45289.97,45336.79,45389.97278492003,45089.97278492003,1.56,-46.82,-0.47,38.31,121.77,2.49,3.12,,alpha_v2,v2.1.0
mau2y775,executed,short,1706589000000,1706597100000,45184.68,45198.26,45284.68072679288,44984.68072679288,0.92,-13.58,-0.14,66.14,142.96,1.44,1.84,,alpha_v2,v2.1.0
09bwj50o,executed,long,1705658400000,1705686300000,44399.98,44476.03,44299.984504843786,44599.984504843786,2.34,76.04,0.76,25.72,109.77,1.27,4.68,,alpha_v2,v2.1.0
6kwx7hvh,executed,long,1711483200000,1711502100000,44423.42,44568.82,44323.420825041576,44623.420825041576,1.09,145.40,1.45,22.65,60.66,1.74,2.18,,alpha_v2,v2.1.0
90jhq8mf,executed,long,1710006300000,1710009000000,45817.08,45794.18,45717.080736124284,46017.080736124284,0.41,-22.91,-0.23,31.55,85.18,2.20,0.82,,alpha_v2,v2.1.0
ykdnzood,executed,short,1706827500000,1706855400000,45588.04,45736.14,45688.0448637478,45388.0448637478,0.99,-148.10,-1.48,13.02,87.63,1.32,1.98,,alpha_v2,v2.1.0
1p2eb9e5,executed,short,1707765300000,1707784200000,45138.11,45187.17,45238.11495088865,44938.11495088865,0.53,-49.05,-0.49,11.00,51.92,2.08,1.06,,alpha_v2,v2.1.0
793fowus,executed,short,1710507600000,1710531900000,45498.68,45395.65,45598.67966987965,45298.67966987965,1.86,103.03,1.03,78.14,118.57,0.54,3.72,,alpha_v2,v2.1.0
9isohw0l,executed,long,1711728000000,1711751400000,44932.02,45061.78,44832.02093370451,45132.02093370451,1.97,129.76,1.30,49.63,124.04,0.62,3.94,,alpha_v2,v2.1.0
2iytukkz,executed,long,1710899100000,1710909000000,44205.87,44285.53,44105.86673520031,44405.86673520031,1.49,79.67,0.80,24.52,126.91,2.47,2.98,,alpha_v2,v2.1.0
lzd76jrz,rejected,short,1712033100000,,45482.91,45616.03,45582.90747279852,45282.90747279852,1.00,-133.12,,,,,,time_of_day,alpha_v2,v2.1.0
m87i695e,executed,long,1711016100000,1711020600000,44022.11,43936.57,43922.108314674195,44222.108314674195,0.77,-85.54,-0.86,79.71,114.38,1.27,1.54,,alpha_v2,v2.1.0
bjft9g9a,executed,long,1711917000000,1711927800000,45417.35,45355.59,45317.34755193609,45617.34755193609,1.26,-61.76,-0.62,79.58,70.40,0.76,2.52,,alpha_v2,v2.1.0
7h20t7jj,executed,long,1708231500000,1708253100000,45972.69,45940.53,45872.687823023574,46172.687823023574,2.41,-32.16,-0.32,23.25,110.32,1.85,4.82,,alpha_v2,v2.1.0
q9cothzo,rejected,long,1711376100000,,44257.63,44121.22,44157.62694373556,44457.62694373556,1.59,-136.41,,,,,,time_of_day,alpha_v2,v2.1.0
qkpbhin5,rejected,short,1706678100000,,45320.42,45418.09,45420.41693297227,45120.41693297227,2.17,-97.67,,,,,,atr_limit,alpha_v2,v2.1.0
yzgnj1p3,rejected,short,1709013600000,,45842.02,45932.98,45942.0223067437,45642.0223067437,1.13,-90.96,,,,,,spread_filter,alpha_v2,v2.1.0
u1ig6vbk,executed,long,1704216600000,1704223800000,45031.30,45120.12,44931.29982279548,45231.29982279548,0.89,88.82,0.89,23.79,40.47,1.91,1.78,,alpha_v2,v2.1.0
kq4jqnt2,rejected,long,1707598800000,,45400.39,45251.54,45300.39478980602,45600.39478980602,1.70,-148.85,,,,,,htf_alignment,alpha_v2,v2.1.0
l0ntrk6s,rejected,long,1706143500000,,44152.69,44410.27,44052.69408090801,44352.69408090801,0.36,257.57,,,,,,spread_filter,alpha_v2,v2.1.0
bwkdil7d,rejected,short,1706334300000,,44247.44,44321.53,44347.43930833297,44047.43930833297,1.02,-74.09,,,,,,spread_filter,alpha_v2,v2.1.0
uw19pjcv,executed,long,1711978200000,1711981800000,45334.13,45243.26,45234.13347196928,45534.13347196928,0.34,-90.88,-0.91,42.32,41.60,1.72,0.68,,alpha_v2,v2.1.0
1pc06wq1,rejected,short,1708476300000,,46206.73,46103.77,46306.727956566945,46006.727956566945,2.01,102.95,,,,,,spread_filter,alpha_v2,v2.1.0
cerbtpsh,rejected,short,1708871400000,,45200.29,45077.26,45300.289000082565,45000.289000082565,1.96,123.02,,,,,,spread_filter,alpha_v2,v2.1.0
085cgba8,executed,short,1709459100000,1709478000000,45750.17,45510.27,45850.16766120019,45550.16766120019,0.62,239.90,2.40,48.30,130.74,0.64,1.24,,alpha_v2,v2.1.0
lif8w4s0,executed,short,1711193400000,1711197000000,44601.23,44342.68,44701.22965737673,44401.22965737673,1.57,258.55,2.59,76.64,146.86,2.92,3.14,,alpha_v2,v2.1.0
2ul5x11d,executed,short,1706389200000,1706414400000,44568.93,44429.26,44668.93144965588,44368.93144965588,1.22,139.67,1.40,71.43,118.07,1.42,2.44,,alpha_v2,v2.1.0
zxwnxazx,executed,long,1707927300000,1707955200000,46081.13,45979.59,45981.13221079912,46281.13221079912,1.41,-101.54,-1.02,19.72,142.43,2.29,2.82,,alpha_v2,v2.1.0
vwl2sn2p,rejected,long,1705566600000,,44888.39,44741.06,44788.38886648186,45088.38886648186,2.13,-147.33,,,,,,spread_filter,alpha_v2,v2.1.0
uoav2w5x,executed,long,1712700000000,1712715300000,46989.78,47264.27,46889.78294082246,47189.78294082246,0.97,274.48,2.74,24.45,89.38,1.80,1.94,,alpha_v2,v2.1.0
c56nzzan,executed,long,1705401900000,1705417200000,45154.30,45099.89,45054.29748643139,45354.29748643139,0.34,-54.41,-0.54,72.03,86.71,2.77,0.68,,alpha_v2,v2.1.0
0b7mdp9k,executed,long,1706590800000,1706606100000,45149.82,45045.59,45049.82388607023,45349.82388607023,2.44,-104.23,-1.04,39.92,73.16,1.26,4.88,,alpha_v2,v2.1.0
gmupcqzf,executed,long,1712289600000,1712295900000,46150.36,46039.93,46050.364393121316,46350.364393121316,0.86,-110.43,-1.10,73.45,147.16,2.00,1.72,,alpha_v2,v2.1.0
vfjooxj5,executed,long,1707415200000,1707426900000,45918.38,46157.51,45818.37853507431,46118.37853507431,2.36,239.13,2.39,10.05,124.97,0.83,4.72,,alpha_v2,v2.1.0
izs61d54,executed,long,1706229000000,1706241600000,44402.43,44255.92,44302.42691299261,44602.42691299261,1.56,-146.51,-1.47,40.84,134.50,2.24,3.12,,alpha_v2,v2.1.0
xelkh0vg,executed,long,1704845700000,1704852000000,45014.23,44938.65,44914.228743347,45214.228743347,0.40,-75.58,-0.76,23.19,108.38,0.96,0.80,,alpha_v2,v2.1.0
m25x27yb,executed,short,1712954700000,1712982600000,47060.26,47147.54,47160.261554577744,46860.261554577744,1.21,-87.27,-0.87,33.38,79.37,2.67,2.42,,alpha_v2,v2.1.0
s8eyn6af,executed,short,1710745200000,1710765900000,44694.32,44732.14,44794.317998595645,44494.317998595645,1.54,-37.82,-0.38,39.76,122.43,2.95,3.08,,alpha_v2,v2.1.0
raji3sd2,executed,long,1709873100000,1709902800000,46206.59,46176.73,46106.58931286223,46406.58931286223,0.62,-29.86,-0.30,68.60,43.03,1.02,1.24,,alpha_v2,v2.1.0
1l046nij,executed,long,1712216700000,1712235600000,45924.80,46117.32,45824.803507550845,46124.803507550845,1.93,192.51,1.93,50.10,148.61,1.12,3.86,,alpha_v2,v2.1.0
wb1b0zds,executed,short,1706976000000,1706994000000,45654.33,45668.92,45754.33438803302,45454.33438803302,1.96,-14.59,-0.15,30.06,144.73,1.80,3.92,,alpha_v2,v2.1.0
xo5p9hls,executed,long,1712189700000,1712213100000,45665.45,45947.30,45565.44710018399,45865.44710018399,1.19,281.86,2.82,15.80,47.14,1.20,2.38,,alpha_v2,v2.1.0
8subzik1,executed,short,1709703900000,1709715600000,46340.67,46227.43,46440.66720798624,46140.66720798624,0.56,113.24,1.13,16.36,50.12,1.63,1.12,,alpha_v2,v2.1.0
u4h44f7b,executed,long,1705978800000,1705993200000,44004.50,44252.83,43904.496681803816,44204.496681803816,0.53,248.33,2.48,17.39,129.91,1.37,1.06,,alpha_v2,v2.1.0
g60fd8oq,executed,short,1711024200000,1711050300000,44041.77,43935.81,44141.76596581161,43841.76596581161,2.37,105.95,1.06,78.05,60.64,1.40,4.74,,alpha_v2,v2.1.0
2mrcfi9w,executed,short,1709756100000,1709788500000,46500.26,46542.55,46600.2559821948,46300.2559821948,1.43,-42.30,-0.42,79.30,34.23,1.36,2.86,,alpha_v2,v2.1.0
g3rxd0zp,executed,short,1711874700000,1711892700000,45364.13,45396.78,45464.13132982987,45164.13132982987,2.33,-32.65,-0.33,76.04,44.52,1.37,4.66,,alpha_v2,v2.1.0
28o5mugf,executed,short,1709698500000,1709722800000,46284.49,46344.57,46384.49236500108,46084.49236500108,1.68,-60.08,-0.60,43.33,95.73,1.71,3.36,,alpha_v2,v2.1.0
1lx7dv9w,rejected,short,1712113200000,,45718.04,45734.97,45818.04041250361,45518.04041250361,2.50,-16.93,,,,,,time_of_day,alpha_v2,v2.1.0
fh0cvgqn,executed,short,1709252100000,1709262900000,45530.83,45558.10,45630.8285886332,45330.8285886332,1.58,-27.27,-0.27,42.09,34.48,0.61,3.16,,alpha_v2,v2.1.0
d349j0hf,rejected,short,1704871800000,,45010.07,45151.36,45110.06658924987,44810.06658924987,2.11,-141.30,,,,,,spread_filter,alpha_v2,v2.1.0
1a903580,executed,short,1709135100000,1709143200000,45649.27,45455.07,45749.27130289727,45449.27130289727,1.65,194.20,1.94,72.15,32.92,1.95,3.30,,alpha_v2,v2.1.0
9gnqsmc0,executed,long,1710293400000,1710318600000,45389.08,45314.97,45289.08469077947,45589.08469077947,1.04,-74.12,-0.74,32.22,114.49,0.92,2.08,,alpha_v2,v2.1.0
912uaj50,executed,short,1712715300000,1712736000000,47024.92,46900.12,47124.921896591484,46824.921896591484,2.20,124.80,1.25,46.88,108.29,1.94,4.40,,alpha_v2,v2.1.0
pgcotc8c,rejected,short,1710615600000,,45136.71,45177.64,45236.707920763976,44936.707920763976,2.25,-40.93,,,,,,time_of_day,alpha_v2,v2.1.0
l2vi0tmx,rejected,short,1710028800000,,45719.56,45820.56,45819.56438384854,45519.56438384854,0.25,-101.00,,,,,,spread_filter,alpha_v2,v2.1.0
997wwmkb,executed,short,1710806400000,1710810000000,44474.68,44540.43,44574.67979828445,44274.67979828445,2.31,-65.75,-0.66,46.81,144.57,1.20,4.62,,alpha_v2,v2.1.0
8xg57vux,executed,short,1712529000000,1712549700000,46862.35,46610.84,46962.34955445541,46662.34955445541,2.31,251.51,2.52,76.09,137.90,2.22,4.62,,alpha_v2,v2.1.0
1ti09b6v,executed,short,1711032300000,1711048500000,44115.11,43994.03,44215.109746930226,43915.109746930226,1.35,121.08,1.21,20.03,107.69,1.56,2.70,,alpha_v2,v2.1.0
c15tz09q,executed,short,1705550400000,1705571100000,44908.21,44831.84,45008.21211041171,44708.21211041171,2.24,76.38,0.76,46.01,149.77,1.03,4.48,,alpha_v2,v2.1.0
fkba0qkr,rejected,long,1712287800000,,46191.60,46041.83,46091.60237927643,46391.60237927643,0.98,-149.77,,,,,,htf_alignment,alpha_v2,v2.1.0
860z9cw8,rejected,long,1706133600000,,44234.81,44369.90,44134.812085371545,44434.812085371545,1.09,135.09,,,,,,time_of_day,alpha_v2,v2.1.0
no5s0v4w,rejected,short,1704532500000,,45317.02,45455.79,45417.019984373386,45117.019984373386,1.57,-138.77,,,,,,atr_limit,alpha_v2,v2.1.0
z6mpyaty,executed,short,1708717500000,1708748100000,45607.76,45502.29,45707.761209050535,45407.761209050535,1.65,105.47,1.05,54.37,130.92,2.35,3.30,,alpha_v2,v2.1.0
yt6v8fku,executed,short,1706166900000,1706197500000,44103.00,44040.26,44203.00123548912,43903.00123548912,0.39,62.74,0.63,31.99,78.23,2.30,0.78,,alpha_v2,v2.1.0
dj0xiup8,executed,long,1711722600000,1711756800000,44944.82,44910.76,44844.81814471585,45144.81814471585,0.85,-34.05,-0.34,33.70,23.33,0.72,1.70,,alpha_v2,v2.1.0
zri5a8ap,executed,short,1705271400000,1705292100000,44920.77,44699.29,45020.771146176085,44720.771146176085,0.53,221.48,2.21,52.07,68.02,1.15,1.06,,alpha_v2,v2.1.0
inrl1hnu,executed,short,1707151500000,1707183900000,45620.69,45339.12,45720.688619098,45420.688619098,1.22,281.57,2.82,33.14,35.13,0.66,2.44,,alpha_v2,v2.1.0
dbqatx71,executed,short,1707499800000,1707523200000,45427.34,45202.31,45527.341038404156,45227.341038404156,1.52,225.03,2.25,35.07,135.68,1.21,3.04,,alpha_v2,v2.1.0
pjoo0s9y,executed,short,1705894200000,1705899600000,44326.68,44243.82,44426.683335212234,44126.683335212234,1.31,82.86,0.83,45.88,145.47,2.02,2.62,,alpha_v2,v2.1.0
dr1d8220,rejected,short,1708040700000,,45600.27,45710.88,45700.26626961452,45400.26626961452,0.12,-110.62,,,,,,spread_filter,alpha_v2,v2.1.0
6zxavbvz,executed,long,1708409700000,1708412400000,45733.70,45846.47,45633.696896017755,45933.696896017755,0.46,112.78,1.13,45.14,92.68,0.79,0.92,,alpha_v2,v2.1.0
b38qq3qz,executed,short,1711857600000,1711873800000,45265.55,45339.69,45365.546676103026,45065.546676103026,0.19,-74.14,-0.74,26.87,98.50,2.43,0.38,,alpha_v2,v2.1.0
leu53a1x,executed,long,1706839200000,1706854500000,45658.74,45623.75,45558.73872258208,45858.73872258208,2.07,-34.99,-0.35,57.70,147.00,2.07,4.14,,alpha_v2,v2.1.0
uyzypmza,executed,long,1705862700000,1705884300000,44312.66,44216.45,44212.6582131215,44512.6582131215,1.91,-96.21,-0.96,50.61,32.23,2.14,3.82,,alpha_v2,v2.1.0
p3d7byfs,executed,long,1711213200000,1711234800000,44894.54,45173.86,44794.54184099179,45094.54184099179,0.85,279.32,2.79,16.82,45.54,1.70,1.70,,alpha_v2,v2.1.0
1gn9fxpg,executed,long,1710954000000,1710974700000,44084.91,43979.78,43984.91271536117,44284.91271536117,1.60,-105.13,-1.05,60.54,138.40,1.57,3.20,,alpha_v2,v2.1.0
ht620ftg,executed,long,1706207400000,1706210100000,44288.77,44250.69,44188.765648045475,44488.765648045475,2.30,-38.08,-0.38,16.70,77.41,2.90,4.60,,alpha_v2,v2.1.0
j1q8g9tg,executed,short,1710595800000,1710608400000,45319.48,45458.19,45419.48180248992,45119.48180248992,0.11,-138.71,-1.39,36.91,35.96,2.15,0.22,,alpha_v2,v2.1.0
211s62z8,rejected,long,1710099900000,,45255.06,45340.21,45155.06067101473,45455.06067101473,0.67,85.15,,,,,,time_of_day,alpha_v2,v2.1.0
rc2ing65,executed,long,1707445800000,1707477300000,45676.69,45536.60,45576.68882180031,45876.68882180031,1.72,-140.09,-1.40,62.88,122.93,1.76,3.44,,alpha_v2,v2.1.0
m42seb0c,executed,long,1711470600000,1711490400000,44450.85,44406.90,44350.8461849383,44650.8461849383,0.84,-43.94,-0.44,18.18,22.14,1.47,1.68,,alpha_v2,v2.1.0
n370fe6y,executed,short,1710692100000,1710697500000,44900.86,44788.70,45000.86449040658,44700.86449040658,1.90,112.17,1.12,15.68,89.57,1.76,3.80,,alpha_v2,v2.1.0
acu2prep,rejected,long,1712865600000,,47035.75,46915.99,46935.74619810229,47235.74619810229,0.17,-119.75,,,,,,spread_filter,alpha_v2,v2.1.0
ulp9pqmz,executed,short,1711484100000,1711496700000,44427.98,44502.41,44527.98229198014,44227.98229198014,2.14,-74.43,-0.74,35.69,30.38,1.16,4.28,,alpha_v2,v2.1.0
kvnr3qss,executed,long,1707520500000,1707552000000,45178.85,45328.94,45078.85230538947,45378.85230538947,2.46,150.08,1.50,52.85,107.31,2.64,4.92,,alpha_v2,v2.1.0
t5tpx4pe,executed,short,1707478200000,1707513300000,45627.50,45395.58,45727.49911420746,45427.49911420746,1.59,231.92,2.32,23.32,55.30,1.52,3.18,,alpha_v2,v2.1.0
w4x2qnwe,executed,short,1709316000000,1709343000000,45714.06,45590.90,45814.05568560583,45514.05568560583,2.16,123.16,1.23,11.29,52.32,1.80,4.32,,alpha_v2,v2.1.0
hyyllbrb,executed,long,1708148700000,1708157700000,45766.96,45669.31,45666.96452813572,45966.96452813572,2.01,-97.66,-0.98,46.92,124.10,2.90,4.02,,alpha_v2,v2.1.0
ra4oqc9c,executed,long,1711775700000,1711798200000,45046.15,44991.15,44946.151132937564,45246.151132937564,0.55,-55.00,-0.55,70.23,149.84,0.56,1.10,,alpha_v2,v2.1.0
joxdggvb,executed,long,1708587900000,1708608600000,46109.93,46093.35,46009.927745235655,46309.927745235655,0.82,-16.58,-0.17,11.70,106.31,2.04,1.64,,alpha_v2,v2.1.0
eentrse3,rejected,long,1710739800000,,44689.25,44830.24,44589.252440704004,44889.252440704004,1.55,140.98,,,,,,htf_alignment,alpha_v2,v2.1.0
95v6r8t1,executed,long,1708740000000,1708742700000,45479.05,45570.43,45379.047186206444,45679.047186206444,0.89,91.38,0.91,47.03,60.47,1.11,1.78,,alpha_v2,v2.1.0
60mro2iw,executed,short,1704716100000,1704738600000,45299.24,45113.96,45399.239059268286,45099.239059268286,2.07,185.28,1.85,24.22,124.49,1.65,4.14,,alpha_v2,v2.1.0
7ez0y5zg,executed,long,1704204900000,1704230100000,45025.30,45271.61,44925.29659534577,45225.29659534577,1.13,246.32,2.46,71.57,149.47,1.82,2.26,,alpha_v2,v2.1.0
ss0y63a9,executed,short,1711932300000,1711944900000,45473.76,45497.98,45573.75698600456,45273.75698600456,2.31,-24.23,-0.24,23.05,30.15,1.91,4.62,,alpha_v2,v2.1.0
i2rd1wjz,executed,short,1711608300000,1711615500000,44887.79,44975.04,44987.792817118876,44687.792817118876,0.63,-87.24,-0.87,39.13,134.58,2.26,1.26,,alpha_v2,v2.1.0
dxr5tgp1,executed,long,1710142200000,1710148500000,45319.58,45253.64,45219.584234773894,45519.584234773894,0.44,-65.94,-0.66,34.54,70.76,2.85,0.88,,alpha_v2,v2.1.0
col2z2xs,executed,short,1710954900000,1710970200000,44039.03,44105.36,44139.03016765602,43839.03016765602,0.22,-66.33,-0.66,11.12,101.18,0.88,0.44,,alpha_v2,v2.1.0
sygkve7w,executed,long,1708587000000,1708592400000,46110.96,46216.56,46010.963183381944,46310.963183381944,1.04,105.60,1.06,76.54,62.24,0.74,2.08,,alpha_v2,v2.1.0
qja4a5r5,rejected,long,1704405600000,,45261.48,45132.46,45161.482571009605,45461.482571009605,2.12,-129.02,,,,,,time_of_day,alpha_v2,v2.1.0
amp582x5,executed,short,1705917600000,1705945500000,44286.00,44078.35,44385.99872809864,44085.99872809864,0.39,207.65,2.08,52.18,27.23,2.22,0.78,,alpha_v2,v2.1.0
gh9cd12w,executed,long,1704721500000,1704738600000,45148.95,45088.87,45048.95428871167,45348.95428871167,0.85,-60.08,-0.60,65.92,74.94,2.30,1.70,,alpha_v2,v2.1.0
tlo8qehk,rejected,short,1708786800000,,45240.34,45085.96,45340.337076910706,45040.337076910706,2.34,154.38,,,,,,atr_limit,alpha_v2,v2.1.0
zg2mgruy,executed,long,1711147500000,1711165500000,44309.00,44401.88,44208.998676227406,44508.998676227406,0.68,92.88,0.93,66.96,61.14,2.94,1.36,,alpha_v2,v2.1.0
andpot05,rejected,long,1710318600000,,45608.96,45469.57,45508.963420833585,45808.963420833585,2.42,-139.39,,,,,,time_of_day,alpha_v2,v2.1.0
jloviytj,rejected,short,1707091200000,,45755.67,45795.97,45855.66812090638,45555.66812090638,0.10,-40.31,,,,,,htf_alignment,alpha_v2,v2.1.0
fzuh68x6,executed,long,1705830300000,1705860000000,44560.22,44660.34,44460.22251064931,44760.22251064931,0.72,100.12,1.00,63.55,123.27,0.81,1.44,,alpha_v2,v2.1.0
nloykn90,executed,long,1712538000000,1712539800000,46951.10,47163.50,46851.09758312417,47151.09758312417,1.89,212.40,2.12,49.73,28.50,2.65,3.78,,alpha_v2,v2.1.0
q6prhk9t,executed,short,1707721200000,1707750000000,44886.77,44699.44,44986.77448353174,44686.77448353174,0.51,187.33,1.87,45.50,138.84,1.19,1.02,,alpha_v2,v2.1.0
synvujvz,rejected,long,1705701600000,,44468.28,44737.31,44368.276239844556,44668.276239844556,0.92,269.03,,,,,,time_of_day,alpha_v2,v2.1.0
8esx5ela,executed,long,1707693300000,1707695100000,44981.25,45251.42,44881.24535210213,45181.24535210213,1.97,270.18,2.70,28.81,35.16,1.16,3.94,,alpha_v2,v2.1.0
jzms1w61,executed,long,1710223200000,1710233100000,45377.97,45588.87,45277.97205540902,45577.97205540902,0.32,210.90,2.11,66.86,28.28,2.30,0.64,,alpha_v2,v2.1.0
d5mvc17b,executed,short,1710591300000,1710609300000,45379.05,45518.13,45479.05307363271,45179.05307363271,0.43,-139.08,-1.39,31.15,138.19,1.67,0.86,,alpha_v2,v2.1.0
5usndyls,executed,short,1706555700000,1706585400000,45398.59,45233.62,45498.59404428887,45198.59404428887,0.83,164.97,1.65,32.77,38.35,0.62,1.66,,alpha_v2,v2.1.0
4j3lznwc,executed,short,1706234400000,1706254200000,44360.00,44150.85,44460.00415779281,44160.00415779281,1.11,209.16,2.09,28.72,134.52,1.78,2.22,,alpha_v2,v2.1.0
6f3ezixc,executed,short,1706256900000,1706270400000,44285.27,44420.86,44385.26923014556,44085.26923014556,0.20,-135.59,-1.36,45.95,93.87,1.37,0.40,,alpha_v2,v2.1.0
y4m5o4vr,rejected,long,1704346200000,,44908.88,44995.16,44808.87994428096,45108.87994428096,1.25,86.28,,,,,,spread_filter,alpha_v2,v2.1.0
wqhakbsk,rejected,long,1711332000000,,44241.33,44218.65,44141.33334911881,44441.33334911881,0.57,-22.69,,,,,,time_of_day,alpha_v2,v2.1.0
fefjn9kt,executed,short,1707285600000,1707312600000,45654.45,45450.16,45754.44986054396,45454.44986054396,2.41,204.29,2.04,34.36,104.72,1.13,4.82,,alpha_v2,v2.1.0
4f68uuqh,rejected,short,1709898300000,,46323.15,46459.58,46423.1481465064,46123.1481465064,0.63,-136.43,,,,,,spread_filter,alpha_v2,v2.1.0
rdiaowmk,executed,long,1712752200000,1712773800000,47043.10,47021.51,46943.10351942805,47243.10351942805,1.11,-21.59,-0.22,34.76,124.52,1.80,2.22,,alpha_v2,v2.1.0
7fo0s27t,rejected,long,1704676500000,,45541.31,45522.69,45441.31242905597,45741.31242905597,2.18,-18.62,,,,,,htf_alignment,alpha_v2,v2.1.0
l8uvhb77,executed,short,1709454600000,1709482500000,45778.67,45910.58,45878.67123074095,45578.67123074095,0.81,-131.91,-1.32,71.31,36.18,2.68,1.62,,alpha_v2,v2.1.0
om220ha9,executed,short,1708358400000,1708378200000,45771.17,45810.35,45871.16740558701,45571.16740558701,1.88,-39.19,-0.39,43.14,138.66,2.31,3.76,,alpha_v2,v2.1.0
r22t01je,rejected,short,1709443800000,,45778.42,45923.84,45878.41610663822,45578.41610663822,2.42,-145.43,,,,,,atr_limit,alpha_v2,v2.1.0
s2frdry6,executed,short,1711548000000,1711574100000,44852.03,44763.85,44952.02566169515,44652.02566169515,1.67,88.17,0.88,33.51,33.85,1.50,3.34,,alpha_v2,v2.1.0
79tvx6vj,executed,short,1712320200000,1712334600000,46409.32,46548.13,46509.32131533916,46209.32131533916,1.18,-138.81,-1.39,58.53,84.99,0.55,2.36,,alpha_v2,v2.1.0
dqxw6k1w,rejected,short,1711887300000,,45451.74,45288.34,45551.74397205779,45251.74397205779,2.20,163.41,,,,,,atr_limit,alpha_v2,v2.1.0
i5c0z398,executed,short,1708085700000,1708096500000,45501.93,45626.52,45601.92831060111,45301.92831060111,0.51,-124.59,-1.25,23.36,60.53,1.02,1.02,,alpha_v2,v2.1.0
8dt3f5t7,executed,long,1707553800000,1707555600000,45410.13,45263.47,45310.13153115573,45610.13153115573,1.97,-146.66,-1.47,50.61,43.09,1.59,3.94,,alpha_v2,v2.1.0
2y6n3w1j,executed,short,1712827800000,1712841300000,46868.10,46733.76,46968.09964555004,46668.09964555004,1.60,134.34,1.34,77.83,69.36,0.91,3.20,,alpha_v2,v2.1.0
a0rlceko,executed,short,1706347800000,1706358600000,44347.67,44464.42,44447.671130765055,44147.671130765055,1.46,-116.75,-1.17,61.95,79.61,2.17,2.92,,alpha_v2,v2.1.0
d8275b6b,executed,long,1710111600000,1710124200000,45160.95,45032.05,45060.95315363573,45360.95315363573,0.63,-128.90,-1.29,23.32,65.79,0.50,1.26,,alpha_v2,v2.1.0
50a2i638,executed,long,1709197200000,1709208000000,45554.82,45718.65,45454.81749443944,45754.81749443944,0.38,163.83,1.64,30.45,83.48,0.86,0.76,,alpha_v2,v2.1.0
xn8j4wst,rejected,short,1708292700000,,45786.13,45915.23,45886.12528410231,45586.12528410231,0.81,-129.10,,,,,,time_of_day,alpha_v2,v2.1.0
iuaikf25,executed,short,1711174500000,1711196100000,44445.69,44526.73,44545.68699729398,44245.68699729398,2.15,-81.04,-0.81,33.24,20.44,1.88,4.30,,alpha_v2,v2.1.0
17xsqqmi,executed,short,1706887800000,1706921100000,45717.71,45579.61,45817.705912995414,45517.705912995414,2.50,138.10,1.38,24.19,93.72,2.77,5.00,,alpha_v2,v2.1.0
m9makstu,executed,long,1705640400000,1705644900000,44549.64,44472.21,44449.64251895108,44749.64251895108,0.54,-77.43,-0.77,52.02,68.77,2.99,1.08,,alpha_v2,v2.1.0
s22hwik1,rejected,short,1712205900000,,45653.27,45724.96,45753.26886742638,45453.26886742638,0.16,-71.70,,,,,,atr_limit,alpha_v2,v2.1.0
ua2n9bdh,executed,long,1709216100000,1709235900000,45450.06,45327.40,45350.064473206825,45650.064473206825,0.81,-122.67,-1.23,50.81,78.37,2.50,1.62,,alpha_v2,v2.1.0
ley42x90,rejected,long,1710270000000,,45458.49,45621.47,45358.48966700764,45658.48966700764,0.12,162.98,,,,,,atr_limit,alpha_v2,v2.1.0
m38zjqcz,executed,long,1710910800000,1710940500000,44221.10,44317.95,44121.095878272645,44421.095878272645,1.12,96.85,0.97,79.41,31.84,1.64,2.24,,alpha_v2,v2.1.0
831badrm,executed,short,1710783900000,1710810000000,44463.47,44213.12,44563.46700329243,44263.46700329243,1.27,250.34,2.50,10.87,22.87,0.61,2.54,,alpha_v2,v2.1.0
ruyj0y6r,rejected,long,1706681700000,,45303.67,45582.77,45203.66749071298,45503.66749071298,2.24,279.10,,,,,,atr_limit,alpha_v2,v2.1.0
lnazc4w0,rejected,short,1709399700000,,45818.61,45600.37,45918.60598056417,45618.60598056417,2.49,218.24,,,,,,htf_alignment,alpha_v2,v2.1.0
j5oii2e5,executed,short,1709600400000,1709601300000,46342.19,46364.32,46442.18607963483,46142.18607963483,0.32,-22.13,-0.22,55.18,93.06,2.56,0.64,,alpha_v2,v2.1.0
ys2adboa,rejected,short,1708101900000,,45394.01,45530.97,45494.006656878664,45194.006656878664,0.41,-136.96,,,,,,time_of_day,alpha_v2,v2.1.0
v5v0xsip,executed,short,1708860600000,1708876800000,45165.54,45051.14,45265.53568937526,44965.53568937526,1.18,114.40,1.14,42.04,149.83,1.66,2.36,,alpha_v2,v2.1.0
qh4f6jl6,executed,long,1708693200000,1708721100000,45662.25,45652.19,45562.24852725969,45862.24852725969,1.49,-10.06,-0.10,19.42,65.90,2.98,2.98,,alpha_v2,v2.1.0
en2j19dk,executed,long,1706569200000,1706603400000,45357.03,45309.78,45257.02810912132,45557.02810912132,2.48,-47.24,-0.47,19.72,57.28,2.60,4.96,,alpha_v2,v2.1.0
kifc7rlr,executed,short,1705458600000,1705466700000,45193.49,45262.08,45293.488698841,44993.488698841,1.45,-68.59,-0.69,24.59,95.40,0.55,2.90,,alpha_v2,v2.1.0
v2jfdkzx,executed,long,1705990500000,1706005800000,44005.76,44217.18,43905.76246581332,44205.76246581332,1.97,211.41,2.11,74.61,26.42,2.46,3.94,,alpha_v2,v2.1.0
n4tp5ds9,executed,short,1707356700000,1707374700000,45564.39,45463.36,45664.39043481436,45364.39043481436,1.35,101.03,1.01,20.04,62.13,1.43,2.70,,alpha_v2,v2.1.0
22e4su3e,executed,long,1704282300000,1704300300000,44978.00,44861.32,44878.00102508937,45178.00102508937,1.76,-116.68,-1.17,25.16,75.62,1.65,3.52,,alpha_v2,v2.1.0
yhvfeu12,rejected,short,1710439200000,,45724.66,45448.93,45824.65918583297,45524.65918583297,2.16,275.73,,,,,,htf_alignment,alpha_v2,v2.1.0
gc40j4qt,executed,long,1707477300000,1707507000000,45639.48,45935.53,45539.478885531185,45839.478885531185,0.77,296.05,2.96,78.59,117.76,2.42,1.54,,alpha_v2,v2.1.0
ol8muqp2,rejected,long,1706634900000,,45379.67,45525.40,45279.67481539287,45579.67481539287,0.79,145.73,,,,,,time_of_day,alpha_v2,v2.1.0
0q7lxgh4,rejected,long,1706061600000,,44009.01,44228.95,43909.0093867835,44209.0093867835,0.66,219.94,,,,,,htf_alignment,alpha_v2,v2.1.0
400phfzw,executed,short,1710498600000,1710524700000,45537.77,45372.21,45637.76888676318,45337.76888676318,2.04,165.55,1.66,72.88,99.33,2.41,4.08,,alpha_v2,v2.1.0
5mey6sec,executed,long,1706462100000,1706479200000,44695.93,44835.50,44595.92650392423,44895.92650392423,2.06,139.57,1.40,62.20,34.95,1.53,4.12,,alpha_v2,v2.1.0
husb13dt,rejected,long,1711032300000,,44115.11,44080.98,44015.109746930226,44315.109746930226,1.45,-34.13,,,,,,time_of_day,alpha_v2,v2.1.0
gd7hz3r2,executed,short,1709523900000,1709525700000,45797.39,45546.00,45897.39259092756,45597.39259092756,1.67,251.39,2.51,32.81,94.05,0.70,3.34,,alpha_v2,v2.1.0
vm779sp9,executed,long,1712365200000,1712370600000,46800.86,46745.30,46700.85627654684,47000.85627654684,2.47,-55.55,-0.56,50.21,144.30,1.21,4.94,,alpha_v2,v2.1.0
96dayhv1,executed,short,1710614700000,1710626400000,45173.59,45267.48,45273.5925200549,44973.5925200549,2.33,-93.89,-0.94,28.50,21.69,2.65,4.66,,alpha_v2,v2.1.0
3k04h71c,executed,long,1711062000000,1711091700000,44281.33,44400.49,44181.332949478994,44481.332949478994,0.95,119.16,1.19,10.15,88.77,2.70,1.90,,alpha_v2,v2.1.0
ukbewpdq,rejected,short,1712384100000,,46961.13,46801.36,47061.133679766455,46761.133679766455,1.85,159.78,,,,,,time_of_day,alpha_v2,v2.1.0
2dbhg941,rejected,long,1707425100000,,45768.06,45984.26,45668.05806492561,45968.05806492561,1.19,216.20,,,,,,spread_filter,alpha_v2,v2.1.0
tyniplr5,executed,short,1705753800000,1705771800000,44446.62,44573.63,44546.62371673678,44246.62371673678,0.59,-127.01,-1.27,12.52,134.01,2.41,1.18,,alpha_v2,v2.1.0
0sw43xqd,rejected,long,1708713900000,,45657.76,45896.47,45557.75805665243,45857.75805665243,2.00,238.71,,,,,,spread_filter,alpha_v2,v2.1.0
z4m43ob8,executed,long,1706289300000,1706294700000,44297.34,44231.99,44197.34138476672,44497.34138476672,2.16,-65.35,-0.65,27.39,86.33,1.52,4.32,,alpha_v2,v2.1.0
guqtn4l0,rejected,short,1710435600000,,45715.73,45583.26,45815.73344519182,45515.73344519182,1.50,132.47,,,,,,spread_filter,alpha_v2,v2.1.0
frd05t4x,executed,long,1707455700000,1707457500000,45700.53,45651.25,45600.52858016759,45900.52858016759,0.36,-49.28,-0.49,58.81,33.53,1.75,0.72,,alpha_v2,v2.1.0
a4mm2b0g,executed,short,1709209800000,1709235900000,45432.00,45555.13,45531.996329463225,45231.996329463225,0.41,-123.13,-1.23,71.56,134.13,0.59,0.82,,alpha_v2,v2.1.0
llovzwm6,executed,long,1712231100000,1712253600000,45939.93,45851.71,45839.931716153,46139.931716153,2.08,-88.22,-0.88,33.31,130.00,0.96,4.16,,alpha_v2,v2.1.0
tfjjbd46,executed,long,1706190300000,1706208300000,44215.15,44270.43,44115.15452859258,44415.15452859258,0.29,55.28,0.55,72.13,64.54,1.34,0.58,,alpha_v2,v2.1.0
m8zglhl1,rejected,long,1707491700000,,45556.83,45516.47,45456.831080395474,45756.831080395474,1.00,-40.36,,,,,,spread_filter,alpha_v2,v2.1.0
b931k5id,executed,short,1707753600000,1707787800000,45181.08,45245.90,45281.08276835814,44981.08276835814,0.45,-64.81,-0.65,71.58,40.95,1.86,0.90,,alpha_v2,v2.1.0
fbkyf9zs,executed,long,1705662000000,1705673700000,44328.10,44245.62,44228.10043476851,44528.10043476851,1.15,-82.48,-0.82,21.88,141.46,2.07,2.30,,alpha_v2,v2.1.0
t7y7dhyl,executed,short,1711752300000,1711782000000,44944.65,44994.17,45044.65100540403,44744.65100540403,1.30,-49.52,-0.50,33.78,125.47,0.92,2.60,,alpha_v2,v2.1.0
fn4lm5md,executed,short,1707334200000,1707343200000,45410.50,45542.57,45510.4967297161,45210.4967297161,1.25,-132.08,-1.32,22.79,149.25,0.89,2.50,,alpha_v2,v2.1.0
tni94381,executed,long,1708680600000,1708686000000,45778.14,45835.82,45678.14133455474,45978.14133455474,1.06,57.68,0.58,53.23,128.70,2.09,2.12,,alpha_v2,v2.1.0
i4ue9icj,executed,short,1705530600000,1705564800000,45021.05,44862.29,45121.04905687481,44821.04905687481,1.98,158.76,1.59,64.23,57.66,1.98,3.96,,alpha_v2,v2.1.0
v3mo575h,rejected,short,1711671300000,,44908.74,45035.70,45008.740296186756,44708.740296186756,1.83,-126.96,,,,,,time_of_day,alpha_v2,v2.1.0
g7rabz1v,rejected,long,1707916500000,,46044.54,46097.16,45944.536036360936,46244.536036360936,1.20,52.63,,,,,,spread_filter,alpha_v2,v2.1.0
0xfevlw9,executed,long,1704519900000,1704546000000,45233.64,45384.64,45133.63782458831,45433.63782458831,1.50,151.01,1.51,17.80,126.91,1.69,3.00,,alpha_v2,v2.1.0
7dpbagxk,executed,short,1705161600000,1705195800000,44471.54,44317.74,44571.54169942947,44271.54169942947,1.40,153.81,1.54,13.77,99.65,1.26,2.80,,alpha_v2,v2.1.0
3j0qj58i,rejected,short,1707657300000,,45078.65,45137.03,45178.64921757435,44878.64921757435,0.22,-58.38,,,,,,spread_filter,alpha_v2,v2.1.0
eo923lmm,executed,long,1708866000000,1708874100000,45182.27,45320.66,45082.272754864076,45382.272754864076,1.50,138.38,1.38,35.72,91.37,2.99,3.00,,alpha_v2,v2.1.0
ji3m39wn,executed,short,1707574500000,1707590700000,45444.36,45588.52,45544.35933415558,45244.35933415558,2.00,-144.17,-1.44,14.15,112.39,1.76,4.00,,alpha_v2,v2.1.0
syz2njxx,executed,long,1713014100000,1713047400000,46807.00,46777.45,46707.003733258396,47007.003733258396,0.16,-29.55,-0.30,41.09,48.25,1.79,0.32,,alpha_v2,v2.1.0
vxtm0t10,executed,long,1709981100000,1710009000000,46106.40,46317.40,46006.400268528,46306.400268528,2.46,211.00,2.11,19.42,89.24,2.32,4.92,,alpha_v2,v2.1.0
76zue5dp,rejected,long,1705794300000,,44598.98,44695.43,44498.97613481046,44798.97613481046,1.26,96.46,,,,,,spread_filter,alpha_v2,v2.1.0
t34meb4l,rejected,long,1704070800000,,44805.01,44742.94,44705.00594643859,45005.00594643859,0.41,-62.06,,,,,,htf_alignment,alpha_v2,v2.1.0
60j8tc50,executed,short,1707470100000,1707496200000,45617.16,45420.63,45717.156839728,45417.156839728,2.14,196.53,1.97,40.96,70.86,1.39,4.28,,alpha_v2,v2.1.0
cyqs3muy,rejected,long,1710516600000,,45509.08,45693.82,45409.07693254726,45709.07693254726,0.68,184.75,,,,,,htf_alignment,alpha_v2,v2.1.0
m2016qkd,rejected,short,1710597600000,,45278.93,44980.13,45378.926538287895,45078.926538287895,0.64,298.79,,,,,,time_of_day,alpha_v2,v2.1.0
jj8kaixu,executed,long,1704079800000,1704108600000,45050.26,44915.04,44950.256417672725,45250.256417672725,1.74,-135.22,-1.35,60.20,116.96,0.54,3.48,,alpha_v2,v2.1.0
tm1p31ug,executed,short,1708383600000,1708398000000,45814.90,45921.79,45914.89842028719,45614.89842028719,0.33,-106.89,-1.07,37.07,58.28,0.53,0.66,,alpha_v2,v2.1.0
j2dtsdnf,executed,long,1708470000000,1708483500000,46159.79,46104.75,46059.78511768165,46359.78511768165,2.34,-55.03,-0.55,67.87,27.01,0.82,4.68,,alpha_v2,v2.1.0
fed8ydjw,rejected,short,1709330400000,,45786.52,45801.18,45886.52206966396,45586.52206966396,0.84,-14.66,,,,,,htf_alignment,alpha_v2,v2.1.0
56pii7dy,executed,long,1707665400000,1707669000000,44987.03,44888.22,44887.032677974654,45187.032677974654,1.00,-98.81,-0.99,34.46,28.68,2.50,2.00,,alpha_v2,v2.1.0
wcle09yq,executed,long,1712888100000,1712920500000,47132.00,47214.27,47031.996170953185,47331.996170953185,0.90,82.27,0.82,21.35,101.41,1.84,1.80,,alpha_v2,v2.1.0
5g8ij6rm,executed,short,1712522700000,1712543400000,47036.51,46905.77,47136.51049870059,46836.51049870059,1.98,130.74,1.31,32.41,140.49,2.80,3.96,,alpha_v2,v2.1.0
2uxju7ph,rejected,short,1706249700000,,44364.53,44292.98,44464.52930212205,44164.52930212205,1.41,71.55,,,,,,atr_limit,alpha_v2,v2.1.0
aiqteunb,rejected,long,1711664100000,,44802.53,44948.32,44702.52996929696,45002.52996929696,0.93,145.79,,,,,,spread_filter,alpha_v2,v2.1.0
j4abpdx3,executed,long,1706027400000,1706060700000,44109.60,43976.52,44009.59686985828,44309.59686985828,1.29,-133.08,-1.33,63.40,75.19,2.31,2.58,,alpha_v2,v2.1.0
k5xtmtga,rejected,long,1709844300000,,46195.02,46156.15,46095.02150185293,46395.02150185293,0.17,-38.87,,,,,,atr_limit,alpha_v2,v2.1.0
bxwbeknl,executed,short,1712880900000,1712902500000,47065.31,47150.40,47165.31136768905,46865.31136768905,0.50,-85.09,-0.85,70.66,115.05,2.21,1.00,,alpha_v2,v2.1.0
qhiwra10,executed,short,1710547200000,1710569700000,45357.92,45105.38,45457.916583959726,45157.916583959726,0.41,252.54,2.53,77.90,94.41,1.63,0.82,,alpha_v2,v2.1.0
plv1dauf,rejected,long,1711479600000,,44503.67,44449.05,44403.667943707725,44703.667943707725,2.27,-54.62,,,,,,htf_alignment,alpha_v2,v2.1.0
75dvl07x,rejected,long,1706712300000,,45457.31,45523.16,45357.314577802965,45657.314577802965,2.36,65.85,,,,,,time_of_day,alpha_v2,v2.1.0
cbfw8blc,executed,long,1709902800000,1709923500000,46398.87,46297.23,46298.86520561782,46598.86520561782,1.14,-101.63,-1.02,77.77,35.13,2.28,2.28,,alpha_v2,v2.1.0
5t7a1cf5,executed,long,1705538700000,1705558500000,44878.03,45032.77,44778.0347928939,45078.0347928939,0.95,154.74,1.55,70.64,117.87,1.70,1.90,,alpha_v2,v2.1.0
4bkbwiyp,executed,short,1712807100000,1712809800000,47166.56,47247.79,47266.559833516425,46966.559833516425,2.14,-81.23,-0.81,78.64,85.52,2.30,4.28,,alpha_v2,v2.1.0
kjl3fyes,executed,long,1710955800000,1710981000000,44066.08,44021.35,43966.08004390053,44266.08004390053,0.49,-44.73,-0.45,64.43,140.33,2.87,0.98,,alpha_v2,v2.1.0
v7p1vol9,rejected,short,1705615200000,,44593.46,44638.37,44693.458969058986,44393.458969058986,0.22,-44.91,,,,,,htf_alignment,alpha_v2,v2.1.0
b8nnaita,rejected,short,1708476300000,,46206.73,46237.47,46306.727956566945,46006.727956566945,1.68,-30.74,,,,,,time_of_day,alpha_v2,v2.1.0
97320a96,executed,short,1709928000000,1709935200000,46306.92,46038.18,46406.92204003812,46106.92204003812,0.64,268.74,2.69,16.20,37.20,0.81,1.28,,alpha_v2,v2.1.0
6alj2svc,executed,short,1711269900000,1711283400000,44825.45,44902.71,44925.452145637566,44625.452145637566,2.20,-77.26,-0.77,45.74,51.72,0.98,4.40,,alpha_v2,v2.1.0
qrd71j3s,executed,short,1710972000000,1710988200000,44027.50,44058.29,44127.49767090259,43827.49767090259,0.29,-30.79,-0.31,64.08,26.24,2.51,0.58,,alpha_v2,v2.1.0
j57tzra7,executed,long,1708161300000,1708182000000,45804.18,45885.49,45704.18233846957,46004.18233846957,1.67,81.31,0.81,18.37,23.67,2.68,3.34,,alpha_v2,v2.1.0
zriocqgh,executed,long,1707241500000,1707273900000,45585.71,45856.29,45485.7136166972,45785.7136166972,1.26,270.57,2.71,13.37,80.44,1.79,2.52,,alpha_v2,v2.1.0
t3l6fu9b,executed,long,1712007000000,1712033100000,45325.18,45522.18,45225.18468745554,45525.18468745554,2.00,196.99,1.97,13.11,74.34,2.19,4.00,,alpha_v2,v2.1.0
n7s2bzhi,executed,short,1709737200000,1709745300000,46441.31,46524.52,46541.31417871156,46241.31417871156,0.84,-83.21,-0.83,34.59,64.52,2.12,1.68,,alpha_v2,v2.1.0
bcxfr37c,executed,long,1712081700000,1712108700000,45428.58,45314.75,45328.582416325895,45628.582416325895,0.69,-113.83,-1.14,63.33,100.81,1.53,1.38,,alpha_v2,v2.1.0
k4t48duf,rejected,short,1705764600000,,44414.19,44194.86,44514.19429659513,44214.19429659513,0.43,219.33,,,,,,time_of_day,alpha_v2,v2.1.0
ofh04q1o,rejected,short,1710839700000,,44512.87,44447.97,44612.87170914143,44312.87170914143,2.22,64.90,,,,,,time_of_day,alpha_v2,v2.1.0
9ug39qkx,rejected,short,1705873500000,,44269.37,44032.13,44369.369354825896,44069.369354825896,2.27,237.24,,,,,,htf_alignment,alpha_v2,v2.1.0
te25t7ip,executed,short,1704280500000,1704281400000,44962.87,45050.09,45062.865867549124,44762.865867549124,0.91,-87.23,-0.87,43.80,70.69,1.02,1.82,,alpha_v2,v2.1.0
41hz2h8g,rejected,short,1704600000000,,45087.39,44971.82,45187.390649591165,44887.390649591165,1.94,115.57,,,,,,htf_alignment,alpha_v2,v2.1.0
stvqi6e6,executed,long,1710283500000,1710306000000,45495.62,45478.03,45395.62064712347,45695.62064712347,2.20,-17.59,-0.18,41.88,72.35,1.76,4.40,,alpha_v2,v2.1.0
emr826b9,executed,short,1707315300000,1707334200000,45600.39,45407.59,45700.387979351945,45400.387979351945,0.25,192.80,1.93,57.46,116.88,1.23,0.50,,alpha_v2,v2.1.0
nf9q47jv,executed,long,1711291500000,1711318500000,44704.40,44898.88,44604.40378474943,44904.40378474943,0.30,194.47,1.94,30.75,126.53,1.30,0.60,,alpha_v2,v2.1.0
i830bjpk,executed,long,1711916100000,1711949400000,45395.38,45486.58,45295.379544372074,45595.379544372074,0.90,91.20,0.91,58.34,85.64,3.00,1.80,,alpha_v2,v2.1.0
k0retf56,rejected,long,1706926500000,,45609.04,45471.37,45509.035718638406,45809.035718638406,0.71,-137.66,,,,,,time_of_day,alpha_v2,v2.1.0
jbqufkm8,executed,long,1708200900000,1708209900000,45899.29,45970.60,45799.29433499822,46099.29433499822,0.85,71.31,0.71,23.70,99.26,2.63,1.70,,alpha_v2,v2.1.0
hvhmu959,executed,short,1707940800000,1707957900000,45919.35,45971.17,46019.35439766324,45719.35439766324,0.91,-51.82,-0.52,29.39,63.56,2.32,1.82,,alpha_v2,v2.1.0
edroba2f,executed,long,1712809800000,1712825100000,47142.88,47211.66,47042.88011808453,47342.88011808453,0.75,68.78,0.69,75.19,116.52,2.66,1.50,,alpha_v2,v2.1.0
gunzuqgb,executed,short,1712857500000,1712871900000,46991.29,46738.90,47091.28599243827,46791.28599243827,1.06,252.38,2.52,62.24,85.80,1.26,2.12,,alpha_v2,v2.1.0
ky392p1m,executed,long,1711926900000,1711950300000,45413.72,45611.59,45313.719897293595,45613.719897293595,0.61,197.87,1.98,61.46,100.65,0.62,1.22,,alpha_v2,v2.1.0
aguv27z4,executed,short,1711612800000,1711617300000,44870.51,44719.76,44970.51001631956,44670.51001631956,1.66,150.75,1.51,16.35,116.75,0.85,3.32,,alpha_v2,v2.1.0
2l2nrsq5,rejected,short,1710175500000,,45119.72,45165.82,45219.717385781,44919.717385781,0.88,-46.10,,,,,,atr_limit,alpha_v2,v2.1.0
6cvua1ap,executed,short,1704211200000,1704231000000,45005.97,44910.22,45105.96994262069,44805.96994262069,1.25,95.75,0.96,52.08,50.10,1.15,2.50,,alpha_v2,v2.1.0
vcas392k,executed,long,1712757600000,1712766600000,47059.51,46909.62,46959.505061616226,47259.505061616226,0.46,-149.89,-1.50,69.38,76.83,2.11,0.92,,alpha_v2,v2.1.0
vsr5hxxz,executed,short,1707315300000,1707350400000,45600.39,45374.21,45700.387979351945,45400.387979351945,1.29,226.17,2.26,12.40,23.65,2.79,2.58,,alpha_v2,v2.1.0
n93qc09o,executed,short,1704517200000,1704544200000,45218.85,45259.97,45318.851854002874,45018.851854002874,1.24,-41.11,-0.41,20.97,124.89,2.59,2.48,,alpha_v2,v2.1.0
y1ge05ke,rejected,short,1706661900000,,45359.03,45421.87,45459.02829872475,45159.02829872475,1.25,-62.84,,,,,,htf_alignment,alpha_v2,v2.1.0
osimhpf1,rejected,short,1712124900000,,45794.72,45540.23,45894.71779292601,45594.71779292601,1.12,254.49,,,,,,spread_filter,alpha_v2,v2.1.0
pnbjmap2,executed,short,1705802400000,1705814100000,44592.72,44382.76,44692.71925773097,44392.71925773097,2.08,209.96,2.10,58.75,55.10,0.68,4.16,,alpha_v2,v2.1.0
zzoa4so0,rejected,long,1711359000000,,44152.02,44107.31,44052.01586316802,44352.01586316802,1.41,-44.71,,,,,,spread_filter,alpha_v2,v2.1.0
hzgznfv6,executed,long,1706895000000,1706895900000,45618.54,45792.02,45518.53528178277,45818.53528178277,1.43,173.48,1.73,18.23,61.24,1.89,2.86,,alpha_v2,v2.1.0
emls3o66,rejected,long,1707897600000,,45854.16,46077.33,45754.16181334482,46054.16181334482,1.71,223.16,,,,,,htf_alignment,alpha_v2,v2.1.0
faq58vpo,executed,long,1711629000000,1711641600000,44937.19,44887.64,44837.1949872481,45137.1949872481,1.46,-49.55,-0.50,64.71,41.99,0.59,2.92,,alpha_v2,v2.1.0
yv35t25s,executed,long,1710712800000,1710741600000,44572.46,44847.85,44472.46378365386,44772.46378365386,0.29,275.39,2.75,63.16,126.06,1.68,0.58,,alpha_v2,v2.1.0
sfwdttzr,executed,long,1705542300000,1705572000000,44868.45,45009.85,44768.45023809226,45068.45023809226,1.14,141.40,1.41,53.37,122.36,2.06,2.28,,alpha_v2,v2.1.0
an1djiry,executed,short,1707892200000,1707915600000,45783.83,45833.72,45883.830781831835,45583.830781831835,0.20,-49.89,-0.50,18.74,62.79,1.96,0.40,,alpha_v2,v2.1.0
bn4w8t3k,executed,long,1711997100000,1712029500000,45295.08,45424.87,45195.0796178416,45495.0796178416,0.96,129.79,1.30,30.72,120.49,0.62,1.92,,alpha_v2,v2.1.0
n2uqpjt1,executed,short,1707794100000,1707829200000,45409.98,45479.06,45509.98181710706,45209.98181710706,2.12,-69.07,-0.69,62.05,101.00,1.56,4.24,,alpha_v2,v2.1.0
w1zde3o7,executed,short,1712583900000,1712607300000,47044.69,46838.19,47144.69211068659,46844.69211068659,1.88,206.50,2.07,15.65,145.78,2.14,3.76,,alpha_v2,v2.1.0
rgwsznql,executed,long,1711082700000,1711104300000,44178.28,44041.72,44078.27627011898,44378.27627011898,1.76,-136.56,-1.37,15.18,113.92,1.85,3.52,,alpha_v2,v2.1.0
wkdnoq54,rejected,long,1707023700000,,45773.08,45642.80,45673.08228811032,45973.08228811032,0.22,-130.28,,,,,,htf_alignment,alpha_v2,v2.1.0
4c4qrdks,rejected,long,1704877200000,,45118.14,45106.28,45018.14371176691,45318.14371176691,1.37,-11.87,,,,,,spread_filter,alpha_v2,v2.1.0
dnztp1se,executed,short,1707203700000,1707232500000,45422.42,45123.09,45522.41940839994,45222.41940839994,2.26,299.32,2.99,58.55,32.65,1.59,4.52,,alpha_v2,v2.1.0
6azeu84o,executed,long,1707597000000,1707599700000,45433.76,45308.24,45333.757429468824,45633.757429468824,1.40,-125.52,-1.26,15.70,97.38,0.63,2.80,,alpha_v2,v2.1.0
v0x4skmp,executed,long,1708236000000,1708245900000,45862.47,45726.51,45762.469391596496,46062.469391596496,1.83,-135.96,-1.36,45.45,52.05,2.48,3.66,,alpha_v2,v2.1.0
0jienojz,rejected,long,1711048500000,,44298.58,44397.53,44198.582763476596,44498.582763476596,1.73,98.95,,,,,,atr_limit,alpha_v2,v2.1.0
lip8532i,rejected,long,1704431700000,,45440.16,45321.97,45340.16168492562,45640.16168492562,1.84,-118.19,,,,,,htf_alignment,alpha_v2,v2.1.0
9p64atdr,executed,long,1705160700000,1705189500000,44509.61,44490.73,44409.605547387146,44709.605547387146,0.39,-18.87,-0.19,69.36,112.14,2.40,0.78,,alpha_v2,v2.1.0
tw3zjcxi,executed,long,1709714700000,1709728200000,46440.81,46633.31,46340.80565161636,46640.80565161636,0.39,192.50,1.93,34.37,111.26,2.03,0.78,,alpha_v2,v2.1.0
9gbwvzwl,executed,long,1712293200000,1712313000000,46160.74,46220.73,46060.74447432015,46360.74447432015,2.19,59.98,0.60,66.40,49.51,2.05,4.38,,alpha_v2,v2.1.0
qlr8tfgz,executed,short,1712679300000,1712699100000,47004.97,47135.44,47104.96815584758,46804.96815584758,1.04,-130.47,-1.30,16.82,79.12,2.17,2.08,,alpha_v2,v2.1.0
uc7c78us,executed,long,1705564800000,1705581900000,44928.68,44817.95,44828.67999007929,45128.67999007929,0.82,-110.73,-1.11,38.95,125.67,1.26,1.64,,alpha_v2,v2.1.0
yy7kcops,executed,short,1711803600000,1711821600000,45049.94,44874.14,45149.93628438268,44849.93628438268,1.55,175.79,1.76,19.67,89.64,0.55,3.10,,alpha_v2,v2.1.0
isa53apj,rejected,long,1711593000000,,44952.19,44939.43,44852.19052954334,45152.19052954334,1.47,-12.76,,,,,,htf_alignment,alpha_v2,v2.1.0
vbvj9y4y,rejected,short,1707576300000,,45440.27,45198.41,45540.267902284664,45240.267902284664,1.99,241.86,,,,,,time_of_day,alpha_v2,v2.1.0
3hghf86n,executed,short,1709471700000,1709496000000,45766.52,45520.63,45866.52409570016,45566.52409570016,0.38,245.89,2.46,50.88,146.30,0.91,0.76,,alpha_v2,v2.1.0
bkhdp8tz,executed,long,1711026000000,1711047600000,44074.20,43939.57,43974.197073973504,44274.197073973504,1.60,-134.63,-1.35,61.23,30.29,1.62,3.20,,alpha_v2,v2.1.0
lx6axkmc,rejected,short,1709480700000,,45764.16,45867.23,45864.1550515795,45564.1550515795,0.59,-103.07,,,,,,spread_filter,alpha_v2,v2.1.0
21wkag8r,executed,long,1712964600000,1712965500000,46970.32,46927.96,46870.31613977185,47170.31613977185,1.51,-42.35,-0.42,76.41,46.79,1.70,3.02,,alpha_v2,v2.1.0
8edbjarw,executed,short,1707692400000,1707710400000,44950.87,45053.50,45050.866600083245,44750.866600083245,1.10,-102.64,-1.03,43.23,99.73,2.00,2.20,,alpha_v2,v2.1.0
6l6xgzpp,executed,long,1706507100000,1706541300000,45029.95,44961.22,44929.952991233855,45229.952991233855,1.86,-68.73,-0.69,13.95,48.01,1.28,3.72,,alpha_v2,v2.1.0
o0begp85,executed,long,1708976700000,1708993800000,45768.18,45990.58,45668.1767094779,45968.1767094779,1.54,222.41,2.22,57.61,36.42,0.74,3.08,,alpha_v2,v2.1.0
bht5up4g,executed,long,1707292800000,1707313500000,45644.43,45729.96,45544.43080730606,45844.43080730606,1.58,85.53,0.86,21.67,34.55,2.54,3.16,,alpha_v2,v2.1.0
gshssr5y,rejected,short,1710089100000,,45390.18,45171.87,45490.18195877414,45190.18195877414,1.86,218.32,,,,,,time_of_day,alpha_v2,v2.1.0
8i4wxqkn,executed,long,1712668500000,1712701800000,47045.43,47223.97,46945.427135089434,47245.427135089434,2.09,178.54,1.79,46.55,131.80,1.99,4.18,,alpha_v2,v2.1.0
cnmn4rjy,executed,long,1704419100000,1704450600000,45354.20,45313.36,45254.19500450042,45554.19500450042,0.51,-40.83,-0.41,18.72,91.97,1.35,1.02,,alpha_v2,v2.1.0
0e302gun,executed,long,1709037900000,1709067600000,45999.14,46253.81,45899.14345005531,46199.14345005531,0.21,254.67,2.55,44.96,74.21,2.19,0.42,,alpha_v2,v2.1.0
527l78o2,executed,short,1712007000000,1712028600000,45325.18,45180.60,45425.18468745554,45125.18468745554,0.51,144.59,1.45,34.48,100.58,2.82,1.02,,alpha_v2,v2.1.0
yf5t61qr,rejected,long,1712019600000,,45418.29,45713.86,45318.29208649898,45618.29208649898,2.12,295.57,,,,,,spread_filter,alpha_v2,v2.1.0
0gm6qgdp,rejected,long,1706118300000,,44243.95,44519.27,44143.94646148578,44443.94646148578,1.01,275.33,,,,,,time_of_day,alpha_v2,v2.1.0
2tumowmb,rejected,long,1712178900000,,45534.95,45792.25,45434.95148834576,45734.95148834576,1.05,257.30,,,,,,htf_alignment,alpha_v2,v2.1.0
43x0lqg4,executed,long,1711941300000,1711958400000,45426.57,45576.28,45326.566517198735,45626.566517198735,1.39,149.71,1.50,27.10,57.05,0.73,2.78,,alpha_v2,v2.1.0
xfjyi6l6,rejected,long,1706476500000,,44785.15,44669.68,44685.14946065053,44985.14946065053,2.03,-115.47,,,,,,time_of_day,alpha_v2,v2.1.0
7r8gbyzn,rejected,long,1706637600000,,45300.65,45245.38,45200.64857377196,45500.64857377196,0.11,-55.27,,,,,,time_of_day,alpha_v2,v2.1.0
x50dfgop,executed,short,1708073100000,1708076700000,45553.54,45362.85,45653.54495243918,45353.54495243918,1.84,190.70,1.91,65.63,67.71,1.10,3.68,,alpha_v2,v2.1.0
01jz1929,executed,short,1704232800000,1704233700000,45047.89,45077.95,45147.89330950526,44847.89330950526,1.79,-30.06,-0.30,79.29,23.75,0.69,3.58,,alpha_v2,v2.1.0
qrlgzxz9,executed,long,1704963600000,1704995100000,45053.34,44923.60,44953.339439130956,45253.339439130956,2.22,-129.74,-1.30,31.92,116.83,1.99,4.44,,alpha_v2,v2.1.0
yfwcnyme,rejected,short,1710439200000,,45724.66,45804.32,45824.65918583297,45524.65918583297,2.34,-79.66,,,,,,htf_alignment,alpha_v2,v2.1.0
jkzeeg3j,executed,long,1705090500000,1705092300000,44566.83,44637.59,44466.83479121207,44766.83479121207,2.03,70.76,0.71,57.59,86.25,1.04,4.06,,alpha_v2,v2.1.0
1ef5pucj,executed,long,1709407800000,1709432100000,45712.88,45666.93,45612.88226802708,45912.88226802708,2.47,-45.96,-0.46,20.51,133.48,1.87,4.94,,alpha_v2,v2.1.0
6tbadq78,rejected,short,1706767200000,,45691.28,45744.65,45791.275054446814,45491.275054446814,0.53,-53.37,,,,,,spread_filter,alpha_v2,v2.1.0
gx009fhv,executed,short,1709203500000,1709217000000,45521.95,45649.41,45621.95017243815,45321.95017243815,1.68,-127.46,-1.27,70.28,77.03,0.64,3.36,,alpha_v2,v2.1.0
ubfidekg,executed,short,1709802900000,1709831700000,46512.56,46268.13,46612.5596187252,46312.5596187252,0.52,244.43,2.44,29.50,39.59,2.62,1.04,,alpha_v2,v2.1.0
7zuy49ow,rejected,short,1708783200000,,45143.40,44921.96,45243.4015859317,44943.4015859317,1.91,221.45,,,,,,spread_filter,alpha_v2,v2.1.0
f7e6v7ks,executed,short,1711537200000,1711557900000,45039.04,44783.75,45139.04191378549,44839.04191378549,2.12,255.29,2.55,31.34,81.75,2.66,4.24,,alpha_v2,v2.1.0
gvveyinn,rejected,short,1710031500000,,45723.05,45527.74,45823.052739866005,45523.052739866005,1.83,195.32,,,,,,htf_alignment,alpha_v2,v2.1.0
fh3t8ps9,executed,short,1709426700000,1709445600000,45785.15,45526.64,45885.15433828817,45585.15433828817,2.14,258.51,2.59,24.72,143.26,1.34,4.28,,alpha_v2,v2.1.0
kybx9rn2,executed,short,1707633900000,1707667200000,45139.95,44908.32,45239.95311748104,44939.95311748104,0.65,231.63,2.32,48.73,47.97,1.16,1.30,,alpha_v2,v2.1.0
5dlagng8,executed,short,1709911800000,1709941500000,46293.39,46040.01,46393.39275517145,46093.39275517145,0.79,253.39,2.53,28.94,122.66,0.79,1.58,,alpha_v2,v2.1.0
770x31h3,executed,long,1706435100000,1706463900000,44529.12,44512.26,44429.11549557483,44729.11549557483,0.79,-16.85,-0.17,42.82,60.50,0.64,1.58,,alpha_v2,v2.1.0
b2422vxk,rejected,long,1708390800000,,45789.87,45728.38,45689.87258454874,45989.87258454874,0.75,-61.49,,,,,,htf_alignment,alpha_v2,v2.1.0
d3ja8z8z,rejected,short,1712963700000,,46989.13,47128.70,47089.13488215998,46789.13488215998,2.39,-139.56,,,,,,spread_filter,alpha_v2,v2.1.0
iap3t7gl,executed,long,1708056900000,1708057800000,45602.54,45536.89,45502.5405421291,45802.5405421291,1.98,-65.65,-0.66,50.12,122.53,2.05,3.96,,alpha_v2,v2.1.0
zfhabpdv,executed,long,1710331200000,1710358200000,45770.88,45996.17,45670.8794697574,45970.8794697574,1.18,225.29,2.25,77.84,136.33,1.10,2.36,,alpha_v2,v2.1.0
6aqw8b4t,executed,short,1711647900000,1711681200000,44894.67,45040.48,44994.66736931834,44694.66736931834,1.48,-145.82,-1.46,35.15,27.31,0.73,2.96,,alpha_v2,v2.1.0
nu0td5zj,rejected,long,1704791700000,,45306.38,45494.87,45206.37966892115,45506.37966892115,0.80,188.49,,,,,,spread_filter,alpha_v2,v2.1.0
d6jlzmuw,rejected,short,1705838400000,,44354.16,44287.65,44454.16125606574,44154.16125606574,0.16,66.51,,,,,,spread_filter,alpha_v2,v2.1.0
nbnfweyx,rejected,long,1709829900000,,46405.73,46520.24,46305.73223998589,46605.73223998589,1.25,114.51,,,,,,atr_limit,alpha_v2,v2.1.0
zjocenkr,executed,long,1707607800000,1707642900000,45223.22,45440.65,45123.21903868393,45423.21903868393,2.15,217.43,2.17,69.23,63.33,1.40,4.30,,alpha_v2,v2.1.0
uwmcxg2f,rejected,short,1706099400000,,44130.75,43870.13,44230.75292905566,43930.75292905566,1.49,260.62,,,,,,htf_alignment,alpha_v2,v2.1.0
2a6cmtx9,executed,short,1707085800000,1707101100000,45730.43,45630.80,45830.428724383506,45530.428724383506,0.48,99.63,1.00,46.98,28.23,1.72,0.96,,alpha_v2,v2.1.0
qq63zr3f,rejected,short,1711698300000,,44803.05,44823.32,44903.05412821296,44603.05412821296,0.45,-20.27,,,,,,htf_alignment,alpha_v2,v2.1.0
q64bope0,executed,short,1709375400000,1709385300000,45951.64,45851.69,46051.64077329187,45751.64077329187,1.02,99.95,1.00,26.59,61.00,1.48,2.04,,alpha_v2,v2.1.0
ix57qcbx,rejected,long,1707862500000,,45802.26,45899.74,45702.26045240869,46002.26045240869,1.97,97.48,,,,,,htf_alignment,alpha_v2,v2.1.0
kd7cx29q,executed,long,1710394200000,1710422100000,45515.21,45765.08,45415.21157282932,45715.21157282932,2.20,249.86,2.50,35.69,32.45,0.58,4.40,,alpha_v2,v2.1.0
if55ve7n,executed,long,1712328300000,1712358900000,46477.79,46676.48,46377.78527337351,46677.78527337351,1.57,198.69,1.99,46.89,50.28,1.93,3.14,,alpha_v2,v2.1.0
kqxz0nxz,rejected,short,1707199200000,,45581.38,45448.91,45681.38266450454,45381.38266450454,1.68,132.47,,,,,,time_of_day,alpha_v2,v2.1.0
ma64bw53,executed,short,1710128700000,1710159300000,45191.28,45061.47,45291.27522215556,44991.27522215556,0.58,129.80,1.30,41.67,54.15,0.83,1.16,,alpha_v2,v2.1.0
98z5wjbx,executed,short,1711719900000,1711745100000,44937.18,44747.19,45037.17899917086,44737.17899917086,1.68,189.98,1.90,75.21,67.10,1.10,3.36,,alpha_v2,v2.1.0
fdhqi4a3,executed,long,1705735800000,1705758300000,44492.93,44349.68,44392.93406974362,44692.93406974362,0.80,-143.26,-1.43,40.39,100.27,2.85,1.60,,alpha_v2,v2.1.0
ngha9hel,executed,long,1711311300000,1711330200000,44433.13,44577.81,44333.13088735441,44633.13088735441,0.74,144.68,1.45,10.80,124.98,2.28,1.48,,alpha_v2,v2.1.0
4gp53lgg,executed,short,1710938700000,1710945000000,44101.66,44198.03,44201.66475148096,43901.66475148096,1.37,-96.36,-0.96,39.71,137.19,2.86,2.74,,alpha_v2,v2.1.0
qenf042x,rejected,short,1709296200000,,45835.88,45887.83,45935.881222429605,45635.881222429605,0.43,-51.95,,,,,,spread_filter,alpha_v2,v2.1.0
rt0925bn,executed,long,1708422300000,1708432200000,45695.26,45590.35,45595.264447260495,45895.264447260495,1.09,-104.91,-1.05,70.16,78.53,1.89,2.18,,alpha_v2,v2.1.0
7ygsyr1t,executed,short,1710675000000,1710693900000,44925.90,44804.18,45025.90045127764,44725.90045127764,0.84,121.72,1.22,12.15,60.38,0.61,1.68,,alpha_v2,v2.1.0
lg94d8k6,executed,short,1709268300000,1709280900000,45665.98,45417.10,45765.97698363876,45465.97698363876,0.48,248.88,2.49,30.24,58.33,2.86,0.96,,alpha_v2,v2.1.0
kfcelurg,executed,short,1707741900000,1707743700000,44858.54,44701.98,44958.54147574912,44658.54147574912,0.81,156.56,1.57,69.50,107.45,1.27,1.62,,alpha_v2,v2.1.0
q3x1cmet,executed,short,1712252700000,1712285100000,46179.06,45906.68,46279.06359710189,45979.06359710189,2.27,272.38,2.72,79.31,137.53,1.83,4.54,,alpha_v2,v2.1.0
lg8o7az5,rejected,long,1705634100000,,44533.31,44475.15,44433.30918762973,44733.30918762973,1.43,-58.16,,,,,,htf_alignment,alpha_v2,v2.1.0
b80f2t5w,executed,long,1709611200000,1709641800000,46250.31,46490.49,46150.313815107744,46450.313815107744,0.44,240.17,2.40,28.13,139.10,2.37,0.88,,alpha_v2,v2.1.0
o4vsa3qn,executed,long,1709054100000,1709089200000,45912.41,45846.94,45812.40691964263,46112.40691964263,0.87,-65.47,-0.65,33.24,54.62,2.14,1.74,,alpha_v2,v2.1.0
gvlrq9dc,executed,long,1712844000000,1712877300000,46967.95,47088.97,46867.95242629075,47167.95242629075,0.55,121.02,1.21,66.76,32.71,0.97,1.10,,alpha_v2,v2.1.0
j5u2y6j6,executed,short,1712645100000,1712650500000,46864.37,46712.23,46964.37114970246,46664.37114970246,1.83,152.14,1.52,79.46,94.65,1.61,3.66,,alpha_v2,v2.1.0
0yddhbpc,executed,short,1708533000000,1708551900000,46002.52,45814.65,46102.51748667459,45802.51748667459,0.89,187.87,1.88,35.96,37.82,0.58,1.78,,alpha_v2,v2.1.0
8li0xrm1,executed,long,1705945500000,1705968900000,44288.92,44191.68,44188.924631771195,44488.924631771195,0.14,-97.25,-0.97,28.55,133.57,0.87,0.28,,alpha_v2,v2.1.0
chqmqhll,rejected,short,1710620100000,,45042.83,45060.29,45142.83373045435,44842.83373045435,2.49,-17.46,,,,,,htf_alignment,alpha_v2,v2.1.0
i9ob3wvv,executed,long,1705581000000,1705616100000,44632.74,44497.85,44532.74423002366,44832.74423002366,0.20,-134.89,-1.35,29.22,99.41,1.35,0.40,,alpha_v2,v2.1.0
2uyh806c,rejected,long,1707282900000,,45569.87,45759.90,45469.870943739275,45769.870943739275,0.76,190.02,,,,,,htf_alignment,alpha_v2,v2.1.0
8n3blimk,executed,short,1706577300000,1706588100000,45283.59,45026.56,45383.585091468165,45083.585091468165,0.52,257.02,2.57,65.34,115.69,2.30,1.04,,alpha_v2,v2.1.0
3xm7ah90,executed,long,1709739000000,1709753400000,46476.86,46578.92,46376.86106176944,46676.86106176944,1.72,102.06,1.02,49.47,34.66,1.84,3.44,,alpha_v2,v2.1.0
ajeth11h,rejected,long,1711212300000,,44863.30,45000.67,44763.29679793319,45063.29679793319,1.22,137.37,,,,,,htf_alignment,alpha_v2,v2.1.0
01x2kn8e,rejected,short,1710488700000,,45684.28,45766.39,45784.284632712486,45484.284632712486,1.37,-82.10,,,,,,htf_alignment,alpha_v2,v2.1.0
5vkq0v65,executed,short,1708754400000,1708777800000,45402.03,45127.09,45502.028254136974,45202.028254136974,2.07,274.94,2.75,44.12,61.69,1.98,4.14,,alpha_v2,v2.1.0
zjf2fs5g,executed,short,1712241900000,1712270700000,46087.17,46177.30,46187.17047208547,45887.17047208547,1.07,-90.13,-0.90,53.94,60.09,1.17,2.14,,alpha_v2,v2.1.0
vekqjy18,executed,short,1707515100000,1707548400000,45153.79,45062.40,45253.78603901191,44953.78603901191,2.37,91.39,0.91,73.96,108.40,0.54,4.74,,alpha_v2,v2.1.0
tbmealsb,executed,short,1705804200000,1705830300000,44609.46,44743.79,44709.45789889904,44409.45789889904,1.40,-134.33,-1.34,72.14,44.71,1.92,2.80,,alpha_v2,v2.1.0
66eznvdz,rejected,long,1709125200000,,45705.37,45845.12,45605.373030612674,45905.373030612674,2.40,139.75,,,,,,spread_filter,alpha_v2,v2.1.0
rj4e78lz,executed,long,1708709400000,1708716600000,45669.12,45799.99,45569.118522683755,45869.118522683755,1.91,130.87,1.31,64.77,116.91,2.33,3.82,,alpha_v2,v2.1.0
5ruxe9vx,rejected,short,1708761600000,,45257.58,45206.07,45357.57719822911,45057.57719822911,1.51,51.51,,,,,,atr_limit,alpha_v2,v2.1.0
01n0zehu,executed,short,1710015300000,1710028800000,45770.45,45859.22,45870.44780489702,45570.44780489702,2.28,-88.77,-0.89,14.23,87.33,2.26,4.56,,alpha_v2,v2.1.0
4pi73277,executed,short,1708609500000,1708622100000,46132.34,45992.05,46232.33931056629,45932.33931056629,2.44,140.29,1.40,16.74,92.14,1.55,4.88,,alpha_v2,v2.1.0
qc6ovjbv,rejected,short,1710964800000,,44023.33,43911.72,44123.33409009431,43823.33409009431,1.07,111.62,,,,,,spread_filter,alpha_v2,v2.1.0
qzw57mb3,rejected,long,1705082400000,,44593.21,44490.43,44493.20940879909,44793.20940879909,0.85,-102.78,,,,,,time_of_day,alpha_v2,v2.1.0
6fyu3zvg,executed,short,1712067300000,1712099700000,45183.90,45082.31,45283.89630180637,44983.89630180637,1.49,101.59,1.02,40.22,37.28,1.91,2.98,,alpha_v2,v2.1.0
4y44eb37,executed,short,1709393400000,1709416800000,45836.57,45657.77,45936.57126667349,45636.57126667349,0.94,178.80,1.79,24.16,79.21,0.95,1.88,,alpha_v2,v2.1.0
akfa4661,executed,short,1708829100000,1708838100000,45350.37,45101.26,45450.37277352539,45150.37277352539,1.74,249.11,2.49,78.41,32.38,2.42,3.48,,alpha_v2,v2.1.0
2o8tt46d,rejected,long,1708429500000,,45800.76,45910.42,45700.758191786095,46000.758191786095,1.36,109.66,,,,,,time_of_day,alpha_v2,v2.1.0